fanduel_id,player,position,salary,team,opponent,game,roster_position,v3_projection,pts_per_1k,injury_indicator,injury_details,gsis_id,nflverse_position,nflverse_status,mapping_status
134251-63336,Joe Burrow,QB,8200,CIN,HOU,CIN@HOU,QB,19.17,2.337,Q,Back,00-0036442,QB,ACT,ok
134251-89951,Trevor Lawrence,QB,7800,JAC,DEN,JAC@DEN,QB,18.87,2.419,"","",00-0036971,QB,ACT,ok
134251-31716,Dak Prescott,QB,8000,DAL,WAS,WAS@DAL,QB,18.12,2.265,"","",00-0033077,QB,ACT,ok
134251-63115,Lamar Jackson,QB,8800,BAL,NO,NO@BAL,QB,17.87,2.031,"","",00-0034796,QB,ACT,ok
134251-85607,Brock Purdy,QB,8100,SF,MIA,MIA@SF,QB,17.32,2.138,"","",00-0037834,QB,ACT,ok
134251-152113,Caleb Williams,QB,8400,CHI,MIN,MIN@CHI,QB,16.68,1.986,"","",00-0039918,QB,ACT,ok
134251-102785,Jayden Daniels,QB,7900,WAS,DAL,WAS@DAL,QB,16.51,2.09,"","",00-0039910,QB,ACT,ok
134251-69189,Justin Herbert,QB,7400,LAC,LV,LV@LAC,QB,16.51,2.231,"","",00-0036355,QB,ACT,ok
134251-102965,Bo Nix,QB,7300,DEN,JAC,JAC@DEN,QB,16.49,2.259,"","",00-0039732,QB,ACT,ok
134251-41535,Baker Mayfield,QB,7600,TB,CLE,CLE@TB,QB,16.32,2.147,"","",00-0034855,QB,ACT,ok
134251-63484,Kyler Murray,QB,7000,MIN,CHI,MIN@CHI,QB,16.12,2.303,O,Concussion,00-0035228,QB,ACT,ok
134251-119606,Bryce Young,QB,7200,CAR,ATL,CAR@ATL,QB,15.7,2.18,"","",00-0039150,QB,ACT,ok
134251-69531,Jalen Hurts,QB,8600,PHI,TEN,PHI@TEN,QB,15.29,1.778,"","",00-0036389,QB,ACT,ok
134251-54879,Deshaun Watson,QB,6600,CLE,TB,CLE@TB,QB,14.65,2.22,"","",00-0033537,QB,ACT,ok
134251-88431,Tyler Shough,QB,7000,NO,BAL,NO@BAL,QB,14.61,2.088,"","",00-0040743,QB,ACT,ok
134251-152575,J.J. McCarthy,QB,6200,MIN,CHI,MIN@CHI,QB,14.24,2.297,"","",00-0039923,QB,ACT,ok
134251-90572,Tua Tagovailoa,QB,6900,ATL,CAR,CAR@ATL,QB,13.98,2.026,D,Oblique,00-0036212,QB,ACT,ok
134251-69017,Jordan Love,QB,7700,GB,NYJ,GB@NYJ,QB,13.66,1.774,"","",00-0036264,QB,ACT,ok
134251-152316,Drake Maye,QB,7500,NE,PIT,PIT@NE,QB,13.43,1.79,"","",00-0039851,QB,ACT,ok
134251-26483,Geno Smith,QB,6700,NYJ,GB,GB@NYJ,QB,12.93,1.929,"","",00-0030565,QB,ACT,ok
134251-129471,C.J. Stroud,QB,7100,HOU,CIN,CIN@HOU,QB,12.79,1.802,"","",00-0039163,QB,ACT,ok
134251-168356,Cam Ward,QB,6500,TEN,PHI,PHI@TEN,QB,12.72,1.957,"","",00-0040676,QB,ACT,ok
134251-30231,Jacoby Brissett,QB,6900,ARI,SEA,SEA@ARI,QB,12.38,1.794,"","",00-0033119,QB,ACT,ok
134251-6894,Aaron Rodgers,QB,7100,PIT,NE,PIT@NE,QB,11.71,1.649,"","",00-0023459,QB,ACT,ok
134251-88797,Michael Penix Jr.,QB,6900,ATL,CAR,CAR@ATL,QB,10.73,1.554,O,Knee - acl,00-0039917,QB,ACT,ok
134251-63589,Sam Darnold,QB,6800,SEA,ARI,SEA@ARI,QB,9.8,1.441,O,Lower body,00-0034869,QB,ACT,ok
134251-160938,Quinn Ewers,QB,6000,JAC,DEN,JAC@DEN,QB,9.56,1.593,"","",00-0040234,QB,ACT,ok
134251-184183,Shedeur Sanders,QB,6300,CLE,TB,CLE@TB,QB,9.27,1.472,"","",00-0040668,QB,ACT,ok
134251-93382,Aidan O'Connell,QB,6000,LV,LAC,LV@LAC,QB,9.06,1.51,Q,Personal,00-0038579,QB,ACT,ok
134251-22038,Kirk Cousins,QB,6800,LV,LAC,LV@LAC,QB,8.74,1.286,"","",00-0029604,QB,ACT,ok
134251-70324,Carson Wentz,QB,7000,MIN,CHI,MIN@CHI,QB,7.26,1.037,"","",00-0032950,QB,ACT,ok
134251-29358,Marcus Mariota,QB,6000,WAS,DAL,WAS@DAL,QB,7.26,1.211,"","",00-0032268,QB,ACT,ok
134251-6714,Joe Flacco,QB,6000,CIN,HOU,CIN@HOU,QB,6.4,1.066,"","",00-0026158,QB,ACT,ok
134251-119641,Brady Cook,QB,6000,MIA,SF,MIA@SF,QB,5.98,0.996,"","",00-0040398,QB,ACT,ok
134251-90584,Mac Jones,QB,6000,SF,MIA,MIA@SF,QB,5.76,0.96,"","",00-0036972,QB,ACT,ok
134251-87691,Malik Willis,QB,6600,MIA,SF,MIA@SF,QB,4.79,0.726,"","",00-0038128,QB,ACT,ok
134251-111557,Spencer Rattler,QB,6000,NO,BAL,NO@BAL,QB,4.73,0.789,"","",00-0039376,QB,ACT,ok
134251-44715,Cooper Rush,QB,6900,ATL,CAR,CAR@ATL,QB,4.42,0.64,"","",00-0033662,QB,ACT,ok
134251-94748,Tommy DeVito,QB,6000,NE,PIT,PIT@NE,QB,4.41,0.735,"","",00-0038476,QB,ACT,ok
134251-14377,Tyrod Taylor,QB,6000,GB,NYJ,GB@NYJ,QB,4.02,0.67,"","",00-0028118,QB,ACT,ok
134251-70051,Tyler Huntley,QB,6000,BAL,NO,NO@BAL,QB,3.95,0.658,"","",00-0035993,QB,ACT,ok
134251-89607,Tanner McKee,QB,6000,PHI,TEN,PHI@TEN,QB,3.11,0.519,"","",00-0038400,QB,ACT,ok
134251-89628,Davis Mills,QB,6000,HOU,CIN,CIN@HOU,QB,3.1,0.517,"","",00-0036898,QB,ACT,ok
134251-90406,Zach Wilson,QB,6000,NO,BAL,NO@BAL,QB,3.03,0.505,"","",00-0037013,QB,ACT,ok
134251-104576,Sam Howell,QB,6000,DAL,WAS,WAS@DAL,QB,2.63,0.439,"","",00-0037077,QB,ACT,ok
134251-61798,Gardner Minshew II,QB,6000,ARI,SEA,SEA@ARI,QB,2.57,0.428,"","",00-0035289,QB,ACT,ok
134251-92020,Kenny Pickett,QB,6000,CAR,ATL,CAR@ATL,QB,2.18,0.363,"","",00-0038102,QB,ACT,ok
134251-149696,Trey Lance,QB,6000,LAC,LV,LV@LAC,QB,2.13,0.355,"","",00-0037012,QB,ACT,ok
134251-64051,Drew Lock,QB,6800,SEA,ARI,SEA@ARI,QB,2.01,0.296,"","",00-0035704,QB,ACT,ok
134251-38628,Mitchell Trubisky,QB,6000,TEN,PHI,PHI@TEN,QB,1.55,0.259,"","",00-0033869,QB,ACT,ok
134251-154462,Jalen Milroe,QB,6000,SEA,ARI,SEA@ARI,QB,1.16,0.194,"","",00-0040673,QB,ACT,ok
134251-92560,Sam Ehlinger,QB,6000,DEN,JAC,JAC@DEN,QB,1.16,0.193,"","",00-0036879,QB,ACT,ok
134251-53729,Mason Rudolph,QB,6000,PIT,NE,PIT@NE,QB,1.12,0.186,"","",00-0034771,QB,ACT,ok
134251-22994,Case Keenum,QB,6000,CHI,MIN,MIN@CHI,QB,1.04,0.174,"","",00-0028986,QB,ACT,ok
134251-185776,Tyson Bagent,QB,6000,CHI,MIN,MIN@CHI,QB,0.5,0.083,"","",00-0038416,QB,ACT,ok
134251-14225,Andy Dalton,QB,6000,PHI,TEN,PHI@TEN,QB,0.47,0.079,"","",00-0027973,QB,ACT,ok
134251-60947,Jarrett Stidham,QB,6400,DEN,JAC,JAC@DEN,QB,0.45,0.07,"","",00-0035264,QB,ACT,ok
134251-243753,Jack Strand,QB,6300,ATL,CAR,CAR@ATL,QB,,,"","",00-0041194,QB,ACT,no_history
134251-175137,Fernando Mendoza,QB,6200,LV,LAC,LV@LAC,QB,,,"","",00-0041562,QB,ACT,no_history
134251-129010,DJ Uiagalelei,QB,6000,LAC,LV,LV@LAC,QB,,,"","",00-0040464,QB,DEV,inactive_or_practice_squad
134251-166892,Drew Allar,QB,6000,PIT,NE,PIT@NE,QB,,,"","",00-0041565,QB,ACT,no_history
134251-85983,Hendon Hooker,QB,6000,TEN,PHI,PHI@TEN,QB,,,"","",00-0038550,QB,DEV,inactive_or_practice_squad
134251-200653,Max Brosmer,QB,6000,MIN,CHI,MIN@CHI,QB,,,"","",00-0040494,QB,DEV,inactive_or_practice_squad
134251-128944,Haynes King,QB,6000,CAR,ATL,CAR@ATL,QB,,,"","",00-0041149,QB,ACT,no_history
134251-119670,Carson Beck,QB,6000,ARI,SEA,SEA@ARI,QB,,,"","",00-0041561,QB,ACT,no_history
134251-104306,Kurtis Rourke,QB,6000,SF,MIA,MIA@SF,QB,,,"","",00-0040589,QB,ACT,no_history
134251-8023,Josh Johnson,QB,6000,CIN,HOU,CIN@HOU,QB,,,"","",00-0026300,QB,DEV,inactive_or_practice_squad
134251-139985,Bailey Zappe,QB,6000,NYJ,GB,GB@NYJ,QB,,,"","",00-0038108,QB,DEV,inactive_or_practice_squad
134251-69294,Skylar Thompson,QB,6000,BAL,NO,NO@BAL,QB,,,IR,Undisclosed,00-0037327,QB,RES,inactive_or_practice_squad
134251-184983,Joe Fagnano,QB,6000,BAL,NO,NO@BAL,QB,,,"","",00-0040981,QB,ACT,no_history
134251-187015,Joey Aguilar,QB,6000,JAC,DEN,JAC@DEN,QB,,,"","",00-0041203,QB,DEV,inactive_or_practice_squad
134251-135811,Jalon Daniels,QB,6000,TB,CLE,CLE@TB,QB,,,"","",00-0041251,QB,ACT,no_history
134251-152646,Kyle McCord,QB,6000,MIA,SF,MIA@SF,QB,,,"","",00-0040014,QB,ACT,no_history
134251-152673,Athan Kaliakmanis,QB,6000,WAS,DAL,WAS@DAL,QB,,,"","",00-0041117,QB,ACT,no_history
134251-103591,Graham Mertz,QB,6000,HOU,CIN,CIN@HOU,QB,,,IR,Knee - acl,00-0040211,QB,RES,inactive_or_practice_squad
134251-86200,Sean Clifford,QB,6000,CIN,HOU,CIN@HOU,QB,,,"","",00-0038391,QB,DEV,inactive_or_practice_squad
134251-208491,Cole Payton,QB,6000,PHI,TEN,PHI@TEN,QB,,,"","",00-0040891,QB,ACT,no_history
134251-152820,Taylen Green,QB,6000,CLE,TB,CLE@TB,QB,,,"","",00-0041092,QB,ACT,no_history
134251-91390,Joe Milton III,QB,6000,DAL,WAS,WAS@DAL,QB,,,"","",00-0039398,QB,DEV,inactive_or_practice_squad
134251-103698,Dillon Gabriel,QB,6000,CLE,TB,CLE@TB,QB,,,IR,Back,00-0040704,QB,RES,inactive_or_practice_squad
134251-120105,Will Howard,QB,6000,PIT,NE,PIT@NE,QB,,,"","",00-0040203,QB,ACT,no_history
134251-103824,Easton Stick,QB,6000,TB,CLE,CLE@TB,QB,,,"","",00-0035282,QB,DEV,inactive_or_practice_squad
134251-41562,Nick Mullens,QB,6000,JAC,DEN,JAC@DEN,QB,,,"","",00-0033319,QB,DEV,inactive_or_practice_squad
134251-151969,Miller Moss,QB,6000,CHI,MIN,MIN@CHI,QB,,,"","",00-0041172,QB,DEV,inactive_or_practice_squad
134251-166314,Cade Klubnik,QB,6000,NYJ,GB,GB@NYJ,QB,,,"","",00-0041056,QB,ACT,no_history
134251-87594,Sam Hartman,QB,6000,WAS,DAL,WAS@DAL,QB,,,"","",00-0039677,QB,DEV,inactive_or_practice_squad
134251-152061,Behren Morton,QB,6000,NE,PIT,PIT@NE,QB,,,"","",00-0041123,QB,ACT,no_history
134251-160265,Mark Gronowski,QB,6000,HOU,CIN,CIN@HOU,QB,,,"","",00-0041156,QB,CUT,inactive_or_practice_squad
134251-102933,Kedon Slovis,QB,6000,GB,NYJ,GB@NYJ,QB,,,"","",00-0039577,QB,DEV,inactive_or_practice_squad
134251-136855,Bijan Robinson,RB,8900,ATL,CAR,CAR@ATL,RB/FLEX,19.96,2.243,"","",00-0038542,RB,ACT,ok
134251-39280,Derrick Henry,RB,8700,BAL,NO,NO@BAL,RB/FLEX,16.61,1.91,"","",00-0032764,RB,ACT,ok
134251-55050,Christian McCaffrey,RB,9000,SF,MIA,MIA@SF,RB/FLEX,15.71,1.746,"","",00-0033280,RB,ACT,ok
134251-138820,De'Von Achane,RB,8200,MIA,SF,MIA@SF,RB/FLEX,15.55,1.897,"","",00-0039040,RB,ACT,ok
134251-167031,Ashton Jeanty,RB,7700,LV,LAC,LV@LAC,RB/FLEX,15.26,1.982,"","",00-0040122,RB,ACT,ok
134251-89493,Chase Brown,RB,7600,CIN,HOU,CIN@HOU,RB/FLEX,14.73,1.938,"","",00-0038597,RB,ACT,ok
134251-152664,Bucky Irving,RB,7900,TB,CLE,CLE@TB,RB/FLEX,13.26,1.678,"","",00-0039361,RB,ACT,ok
134251-103064,Breece Hall,RB,7200,NYJ,GB,GB@NYJ,RB/FLEX,12.85,1.784,"","",00-0038120,RB,ACT,ok
134251-93541,Javonte Williams,RB,7400,DAL,WAS,WAS@DAL,RB/FLEX,12.44,1.681,"","",00-0036997,RB,ACT,ok
134251-174215,Omarion Hampton,RB,7300,LAC,LV,LV@LAC,RB/FLEX,11.75,1.609,"","",00-0040666,RB,ACT,ok
134251-64401,Saquon Barkley,RB,8300,PHI,TEN,PHI@TEN,RB/FLEX,11.02,1.328,"","",00-0034844,RB,ACT,ok
134251-91598,D'Andre Swift,RB,7100,CHI,MIN,MIN@CHI,RB/FLEX,10.97,1.545,"","",00-0036275,RB,ACT,ok
134251-89956,Travis Etienne Jr.,RB,6900,NO,BAL,NO@BAL,RB/FLEX,10.92,1.583,"","",00-0036973,RB,ACT,ok
134251-169410,Quinshon Judkins,RB,6000,CLE,TB,CLE@TB,RB/FLEX,10.62,1.771,"","",00-0040784,RB,ACT,ok
134251-42104,Alvin Kamara,RB,5100,NO,BAL,NO@BAL,RB/FLEX,10.04,1.97,"","",00-0033906,RB,ACT,ok
134251-87787,J.K. Dobbins,RB,6200,DEN,JAC,JAC@DEN,RB/FLEX,9.95,1.606,"","",00-0036158,RB,ACT,ok
134251-63759,Tony Pollard,RB,5700,TEN,PHI,PHI@TEN,RB/FLEX,9.55,1.676,"","",00-0035261,RB,ACT,ok
134251-40442,Aaron Jones Sr.,RB,5900,MIN,CHI,MIN@CHI,RB/FLEX,9.45,1.602,"","",00-0033293,RB,ACT,ok
134251-73273,David Montgomery,RB,7000,HOU,CIN,CIN@HOU,RB/FLEX,9.02,1.288,"","",00-0035685,RB,ACT,ok
134251-117178,Jacory Croskey-Merritt,RB,6000,WAS,DAL,WAS@DAL,RB/FLEX,8.99,1.498,"","",00-0040242,RB,ACT,ok
134251-112057,Jaylen Warren,RB,6100,PIT,NE,PIT@NE,RB/FLEX,8.9,1.459,"","",00-0037228,RB,ACT,ok
134251-72297,Rico Dowdle,RB,5600,PIT,NE,PIT@NE,RB/FLEX,8.82,1.576,"","",00-0036139,RB,ACT,ok
134251-87467,Chuba Hubbard,RB,6300,CAR,ATL,CAR@ATL,RB/FLEX,8.74,1.388,"","",00-0036555,RB,ACT,ok
134251-110484,RJ Harvey,RB,5800,DEN,JAC,JAC@DEN,RB/FLEX,8.73,1.506,Q,Hamstring,00-0040730,RB,ACT,ok
134251-90912,Kenny Gainwell,RB,5200,TB,CLE,CLE@TB,RB/FLEX,8.38,1.612,"","",00-0036919,RB,ACT,ok
134251-144102,Kyle Monangai,RB,5900,CHI,MIN,MIN@CHI,RB/FLEX,8.14,1.38,"","",00-0040236,RB,ACT,ok
134251-111540,Rhamondre Stevenson,RB,6700,NE,PIT,PIT@NE,RB/FLEX,8.05,1.202,"","",00-0036875,RB,ACT,ok
134251-138774,Woody Marks,RB,5600,HOU,CIN,CIN@HOU,RB/FLEX,7.87,1.405,"","",00-0040583,RB,ACT,ok
134251-152647,TreVeyon Henderson,RB,5800,NE,PIT,PIT@NE,RB/FLEX,7.69,1.326,"","",00-0040734,RB,ACT,ok
134251-107293,Tyjae Spears,RB,4900,TEN,PHI,PHI@TEN,RB/FLEX,7.36,1.503,"","",00-0039032,RB,ACT,ok
134251-137902,Rachaad White,RB,5400,WAS,DAL,WAS@DAL,RB/FLEX,7.2,1.333,"","",00-0037256,RB,ACT,ok
134251-128633,Kimani Vidal,RB,4600,LAC,LV,LV@LAC,RB/FLEX,6.61,1.438,"","",00-0039391,RB,ACT,ok
134251-103252,Bam Knight,RB,4000,ARI,SEA,SEA@ARI,RB/FLEX,5.59,1.397,"","",00-0037157,RB,ACT,ok
134251-90428,Tyler Allgeier,RB,5700,ARI,SEA,SEA@ARI,RB/FLEX,5.47,0.96,"","",00-0037263,RB,ACT,ok
134251-87127,Chris Rodriguez Jr.,RB,5400,JAC,DEN,JAC@DEN,RB/FLEX,5.46,1.011,"","",00-0038611,RB,ACT,ok
134251-71521,Justice Hill,RB,4500,BAL,NO,NO@BAL,RB/FLEX,5.39,1.199,"","",00-0034975,RB,ACT,ok
134251-185861,Emanuel Wilson,RB,4600,SEA,ARI,SEA@ARI,RB/FLEX,5.28,1.147,"","",00-0038797,RB,ACT,ok
134251-160620,Bhayshul Tuten,RB,6400,JAC,DEN,JAC@DEN,RB/FLEX,5.03,0.786,"","",00-0040719,RB,ACT,ok
134251-120657,Kendre Miller,RB,5200,NO,BAL,NO@BAL,RB/FLEX,4.98,0.957,"","",00-0038551,RB,ACT,ok
134251-137059,Sean Tucker,RB,4800,TB,CLE,CLE@TB,RB/FLEX,4.87,1.015,"","",00-0038951,RB,ACT,ok
134251-94579,Emari Demercado,RB,5100,DAL,WAS,WAS@DAL,RB/FLEX,4.74,0.929,"","",00-0038705,RB,ACT,ok
134251-134023,Keaton Mitchell,RB,4900,LAC,LV,LV@LAC,RB/FLEX,4.52,0.923,"","",00-0038454,RB,ACT,ok
134251-93107,AJ Dillon,RB,4400,CAR,ATL,CAR@ATL,RB/FLEX,4.5,1.022,"","",00-0036265,RB,ACT,ok
134251-158412,Braelon Allen,RB,5200,NYJ,GB,GB@NYJ,RB/FLEX,4.42,0.851,"","",00-0039794,RB,ACT,ok
134251-128693,Tank Bigsby,RB,4500,PHI,TEN,PHI@TEN,RB/FLEX,4.24,0.943,"","",00-0038555,RB,ACT,ok
134251-90562,Brian Robinson Jr.,RB,5200,ATL,CAR,CAR@ATL,RB/FLEX,4.16,0.799,"","",00-0037746,RB,ACT,ok
134251-158968,Jonathon Brooks,RB,5300,CAR,ATL,CAR@ATL,RB/FLEX,4.13,0.78,"","",00-0039344,RB,ACT,ok
134251-160213,Isaiah Davis,RB,4200,NYJ,GB,GB@NYJ,RB/FLEX,3.75,0.894,"","",00-0039798,RB,ACT,ok
134251-151806,Raheim Sanders,RB,4800,CLE,TB,CLE@TB,RB/FLEX,3.6,0.751,"","",00-0040466,RB,ACT,ok
134251-52451,Samaje Perine,RB,5000,CIN,HOU,CIN@HOU,RB/FLEX,3.42,0.684,"","",00-0033526,RB,ACT,ok
134251-152103,Jaylen Wright,RB,4800,MIA,SF,MIA@SF,RB/FLEX,3.31,0.69,"","",00-0039874,RB,ACT,ok
134251-147051,Jaleel McLaughlin,RB,4200,CLE,TB,CLE@TB,RB/FLEX,3.29,0.784,"","",00-0038794,RB,ACT,ok
134251-91488,Chris Brooks,RB,5100,GB,NYJ,GB@NYJ,RB/FLEX,3.12,0.611,"","",00-0038685,RB,ACT,ok
134251-137488,Rasheen Ali,RB,4100,BAL,NO,NO@BAL,RB/FLEX,2.72,0.663,"","",00-0039796,RB,ACT,ok
134251-103187,Roschon Johnson,RB,4200,CHI,MIN,MIN@CHI,RB/FLEX,2.64,0.629,"","",00-0039021,RB,ACT,ok
134251-185863,Hunter Luepke,RB,4500,DAL,WAS,WAS@DAL,RB/FLEX,2.56,0.568,"","",00-0038738,RB,ACT,ok
134251-151740,Corey Kiner,RB,4600,NE,PIT,PIT@NE,RB/FLEX,2.53,0.551,"","",00-0040556,RB,ACT,ok
134251-114231,George Holani,RB,5500,SEA,ARI,SEA@ARI,RB/FLEX,2.49,0.452,"","",00-0039299,RB,ACT,ok
134251-166112,Ollie Gordon II,RB,4400,MIA,SF,MIA@SF,RB/FLEX,2.37,0.539,"","",00-0040198,RB,ACT,ok
134251-27229,Ameer Abdullah,RB,4200,JAC,DEN,JAC@DEN,RB/FLEX,2.34,0.558,"","",00-0032104,RB,ACT,ok
134251-168916,Kaleb Johnson,RB,4200,GB,NYJ,GB@NYJ,RB/FLEX,2.09,0.497,"","",00-0040142,RB,ACT,ok
134251-94887,Tyler Badie,RB,4300,DEN,JAC,JAC@DEN,RB/FLEX,2.08,0.484,"","",00-0037085,RB,ACT,ok
134251-105648,Tyler Goodson,RB,4000,DAL,WAS,WAS@DAL,RB/FLEX,2.04,0.51,"","",00-0037120,RB,ACT,ok
134251-39428,Kyle Juszczyk,RB,4100,SF,MIA,MIA@SF,RB/FLEX,1.9,0.463,"","",00-0029892,RB,ACT,ok
134251-152520,Will Shipley,RB,4700,PHI,TEN,PHI@TEN,RB/FLEX,1.85,0.393,"","",00-0039746,RB,ACT,ok
134251-175021,Jordan James,RB,4400,SF,MIA,MIA@SF,RB/FLEX,1.51,0.342,"","",00-0040177,RB,ACT,ok
134251-93540,British Brooks,RB,4000,HOU,CIN,CIN@HOU,RB/FLEX,1.39,0.348,"","",00-0039603,RB,ACT,ok
134251-166749,LeQuint Allen Jr.,RB,4700,JAC,DEN,JAC@DEN,RB/FLEX,1.02,0.218,"","",00-0040238,RB,ACT,ok
134251-73247,Kene Nwangwu,RB,4000,NYJ,GB,GB@NYJ,RB/FLEX,0.94,0.234,O,Back,00-0036842,RB,ACT,ok
134251-63717,Alec Ingold,RB,4000,LAC,LV,LV@LAC,RB/FLEX,0.76,0.19,"","",00-0035125,RB,ACT,ok
134251-94087,DeeJay Dallas,RB,4100,MIN,CHI,MIN@CHI,RB/FLEX,0.56,0.138,"","",00-0036425,RB,ACT,ok
134251-137122,Tahj Brooks,RB,4000,CIN,HOU,CIN@HOU,RB/FLEX,0.38,0.095,"","",00-0040208,RB,ACT,ok
134251-170184,Julius Chestnut,RB,4000,TEN,PHI,PHI@TEN,RB/FLEX,0.06,0.015,"","",00-0037594,RB,ACT,ok
134251-201230,Dylan Laube,RB,4200,LV,LAC,LV@LAC,RB/FLEX,0.03,0.006,"","",00-0039407,RB,ACT,ok
134251-70426,Reggie Gilliam,RB,4000,NE,PIT,PIT@NE,RB/FLEX,0.0,0.0,"","",00-0036187,RB,ACT,ok
134251-26057,Michael Burton,RB,4000,CLE,TB,CLE@TB,RB/FLEX,0.0,0.0,"","",00-0031595,RB,ACT,ok
134251-169381,Jadarian Price,RB,6500,SEA,ARI,SEA@ARI,RB/FLEX,,,"","",00-0041512,RB,ACT,no_history
134251-119697,MarShawn Lloyd,RB,6100,GB,NYJ,GB@NYJ,RB/FLEX,,,"","",00-0039811,RB,ACT,no_history
134251-188171,Jeremiyah Love,RB,5700,ARI,SEA,SEA@ARI,RB/FLEX,,,"","",00-0041027,RB,ACT,no_history
134251-86875,Jordan Mason,RB,5500,MIN,CHI,MIN@CHI,RB/FLEX,,,IR,Thumb,00-0037525,RB,RES,inactive_or_practice_squad
134251-167881,Kaelon Black,RB,5300,SF,MIA,MIA@SF,RB/FLEX,,,Q,Groin,00-0041052,RB,ACT,no_history
134251-167622,Jonah Coleman,RB,5000,DEN,JAC,JAC@DEN,RB/FLEX,,,"","",00-0041496,RB,ACT,no_history
134251-174486,Dylan Sampson,RB,5000,CLE,TB,CLE@TB,RB/FLEX,,,IR,Knee,00-0040162,RB,RES,inactive_or_practice_squad
134251-154008,Mike Washington Jr.,RB,4900,LV,LAC,LV@LAC,RB/FLEX,,,"","",00-0040878,RB,ACT,no_history
134251-166896,Kaytron Allen,RB,4700,WAS,DAL,WAS@DAL,RB/FLEX,,,"","",00-0041096,RB,ACT,no_history
134251-103308,Jawhar Jordan,RB,4500,HOU,CIN,CIN@HOU,RB/FLEX,,,"","",00-0039405,RB,DEV,inactive_or_practice_squad
134251-65231,Adam Prentice,RB,4400,DEN,JAC,JAC@DEN,RB/FLEX,,,"","",00-0036727,RB,DEV,inactive_or_practice_squad
134251-166801,Jaydon Blue,RB,4300,PHI,TEN,PHI@TEN,RB/FLEX,,,"","",00-0040586,RB,DEV,inactive_or_practice_squad
134251-91578,Zamir White,RB,4300,NO,BAL,NO@BAL,RB/FLEX,,,"","",00-0038040,RB,DEV,inactive_or_practice_squad
134251-92677,Zavier Scott,RB,4300,CHI,MIN,MIN@CHI,RB/FLEX,,,"","",00-0038440,RB,DEV,inactive_or_practice_squad
134251-160306,Pierre Strong Jr.,RB,4300,GB,NYJ,GB@NYJ,RB/FLEX,,,Q,Hamstring,00-0038098,RB,DEV,inactive_or_practice_squad
134251-131266,Lan Larison,RB,4200,NE,PIT,PIT@NE,RB/FLEX,,,"","",00-0040568,RB,DEV,inactive_or_practice_squad
134251-93539,Michael Carter,RB,4100,TEN,PHI,PHI@TEN,RB/FLEX,,,"","",00-0036924,RB,DEV,inactive_or_practice_squad
134251-28827,Dare Ogunbowale,RB,4100,LV,LAC,LV@LAC,RB/FLEX,,,"","",00-0033854,RB,DEV,inactive_or_practice_squad
134251-173066,CJ Donaldson,RB,4100,NO,BAL,NO@BAL,RB/FLEX,,,"","",00-0041326,RB,ACT,no_history
134251-86646,Trey Sermon,RB,4000,ATL,CAR,CAR@ATL,RB/FLEX,,,IR,Undisclosed,00-0036984,RB,RES,inactive_or_practice_squad
134251-201342,Chris Collier,RB,4000,LV,LAC,LV@LAC,RB/FLEX,,,IR,Undisclosed,00-0039244,RB,RES,inactive_or_practice_squad
134251-142042,Trey Benson,RB,4000,ARI,SEA,SEA@ARI,RB/FLEX,,,IR,Knee,00-0039921,RB,RES,inactive_or_practice_squad
134251-104165,Lew Nichols,RB,4000,PIT,NE,PIT@NE,RB/FLEX,,,"","",00-0038409,RB,DEV,inactive_or_practice_squad
134251-171217,Demond Claiborne,RB,4000,MIN,CHI,MIN@CHI,RB/FLEX,,,"","",00-0041104,RB,ACT,no_history
134251-152295,Gregory Desrosiers,RB,4000,LAC,LV,LV@LAC,RB/FLEX,,,"","",00-0041376,RB,DEV,inactive_or_practice_squad
134251-166095,Cody Schrader,RB,4000,DEN,JAC,JAC@DEN,RB/FLEX,,,"","",00-0039703,RB,DEV,inactive_or_practice_squad
134251-104054,Sincere McCormick,RB,4000,SF,MIA,MIA@SF,RB/FLEX,,,"","",00-0037509,RB,DEV,inactive_or_practice_squad
134251-129219,Israel Abanikanda,RB,4000,DAL,WAS,WAS@DAL,RB/FLEX,,,"","",00-0038389,RB,DEV,inactive_or_practice_squad
134251-40687,James Conner,RB,4000,ARI,SEA,SEA@ARI,RB/FLEX,,,IR,Foot,00-0033553,RB,RES,inactive_or_practice_squad
134251-206447,Max Hurleman,RB,4000,PIT,NE,PIT@NE,RB/FLEX,,,"","",00-0040618,WR,DEV,inactive_or_practice_squad
134251-172646,Trevor Etienne,RB,4000,CAR,ATL,CAR@ATL,RB/FLEX,,,IR,Ankle,00-0040644,RB,RES,inactive_or_practice_squad
134251-110868,Josh Williams,RB,4000,TB,CLE,CLE@TB,RB/FLEX,,,"","",00-0040429,RB,DEV,inactive_or_practice_squad
134251-152754,Myles Montgomery,RB,4000,NE,PIT,PIT@NE,RB/FLEX,,,IR,Undisclosed,00-0041323,RB,RES,inactive_or_practice_squad
134251-159883,Cash Jones,RB,4000,ATL,CAR,CAR@ATL,RB/FLEX,,,"","",00-0041191,RB,DEV,inactive_or_practice_squad
134251-174148,Carlos Washington Jr.,RB,4000,MIA,SF,MIA@SF,RB/FLEX,,,"","",00-0038930,RB,DEV,inactive_or_practice_squad
134251-225850,J'Mari Taylor,RB,4000,JAC,DEN,JAC@DEN,RB/FLEX,,,"","",00-0041217,RB,DEV,inactive_or_practice_squad
134251-173113,Eli Heidenreich,RB,4000,PIT,NE,PIT@NE,RB/FLEX,,,"","",00-0041490,RB,ACT,no_history
134251-156400,Roman Hemby,RB,4000,LV,LAC,LV@LAC,RB/FLEX,,,"","",00-0040998,RB,DEV,inactive_or_practice_squad
134251-129081,Ahmani Marshall,RB,4000,CAR,ATL,CAR@ATL,RB/FLEX,,,"","",00-0040260,RB,DEV,inactive_or_practice_squad
134251-86055,Dameon Pierce,RB,4000,PHI,TEN,PHI@TEN,RB/FLEX,,,"","",00-0037258,RB,DEV,inactive_or_practice_squad
134251-160287,Amar Johnson,RB,4000,LAC,LV,LV@LAC,RB/FLEX,,,"","",00-0040039,RB,DEV,inactive_or_practice_squad
134251-137495,Kentrel Bullock,RB,4000,CIN,HOU,CIN@HOU,RB/FLEX,,,"","",00-0041241,RB,DEV,inactive_or_practice_squad
134251-184821,Robert Henry Jr.,RB,4000,WAS,DAL,WAS@DAL,RB/FLEX,,,"","",00-0041178,RB,DEV,inactive_or_practice_squad
134251-86047,Malik Davis,RB,4000,DAL,WAS,WAS@DAL,RB/FLEX,,,IR,Hip,00-0037563,RB,RES,inactive_or_practice_squad
134251-152603,Anthony Tyus III,RB,4000,CAR,ATL,CAR@ATL,RB/FLEX,,,"","",00-0040394,RB,DEV,inactive_or_practice_squad
134251-104424,Craig Reynolds,RB,4000,WAS,DAL,WAS@DAL,RB/FLEX,,,"","",00-0035567,RB,DEV,inactive_or_practice_squad
134251-91361,Hassan Haskins,RB,4000,NE,PIT,PIT@NE,RB/FLEX,,,"","",00-0037617,RB,DEV,inactive_or_practice_squad
134251-156596,Jarquez Hunter,RB,4000,MIA,SF,MIA@SF,RB/FLEX,,,"","",00-0040692,RB,DEV,inactive_or_practice_squad
134251-56648,Jeremy McNichols,RB,4000,WAS,DAL,WAS@DAL,RB/FLEX,,,IR,Quadriceps,00-0033955,RB,RES,inactive_or_practice_squad
134251-87371,Ty Chandler,RB,4000,NO,BAL,NO@BAL,RB/FLEX,,,IR,Knee,00-0037276,RB,RES,inactive_or_practice_squad
134251-119718,Chip Trayanum,RB,4000,NYJ,GB,GB@NYJ,RB/FLEX,,,IR,Neck,00-0041239,RB,RES,inactive_or_practice_squad
134251-111300,Jacardia Wright,RB,4000,SEA,ARI,SEA@ARI,RB/FLEX,,,"","",00-0040067,RB,DEV,inactive_or_practice_squad
134251-110978,Evan Hull,RB,4000,ARI,SEA,SEA@ARI,RB/FLEX,,,"","",00-0038397,RB,DEV,inactive_or_practice_squad
134251-159649,DJ Herman,RB,4000,MIA,SF,MIA@SF,RB/FLEX,,,"","",00-0041436,RB,ACT,no_history
134251-166313,Adam Randall,RB,4000,BAL,NO,NO@BAL,RB/FLEX,,,IR,Undisclosed,00-0040888,RB,RES,inactive_or_practice_squad
134251-128920,Noah Whittington,RB,4000,HOU,CIN,CIN@HOU,RB/FLEX,,,"","",00-0041312,RB,DEV,inactive_or_practice_squad
134251-119672,Kendall Milton,RB,4000,CIN,HOU,CIN@HOU,RB/FLEX,,,"","",00-0039266,RB,DEV,inactive_or_practice_squad
134251-156523,Carson Steele,RB,4000,PHI,TEN,PHI@TEN,RB/FLEX,,,"","",00-0039325,RB,DEV,inactive_or_practice_squad
134251-138028,Kalel Mullings,RB,4000,TEN,PHI,PHI@TEN,RB/FLEX,,,"","",00-0040205,RB,DEV,inactive_or_practice_squad
134251-208360,Damon Bankston,RB,4000,GB,NYJ,GB@NYJ,RB/FLEX,,,"","",00-0041139,RB,DEV,inactive_or_practice_squad
134251-86780,Salvon Ahmed,RB,4000,CHI,MIN,MIN@CHI,RB/FLEX,,,"","",00-0036020,RB,DEV,inactive_or_practice_squad
134251-158511,Max Bredeson,RB,4000,MIN,CHI,MIN@CHI,RB/FLEX,,,"","",00-0041081,RB,ACT,no_history
134251-71459,Brittain Brown,RB,4000,CHI,MIN,MIN@CHI,RB/FLEX,,,IR,Undisclosed,00-0037329,RB,RES,inactive_or_practice_squad
134251-71444,Travis Homer,RB,4000,PIT,NE,PIT@NE,RB/FLEX,,,"","",00-0035594,RB,DEV,inactive_or_practice_squad
134251-69068,Jonathan Ward,RB,4000,BAL,NO,NO@BAL,RB/FLEX,,,"","",00-0035924,RB,DEV,inactive_or_practice_squad
134251-166898,Nick Singleton,RB,4500,TEN,PHI,PHI@TEN,RB/FLEX,,,"","",,,,unresolved
134251-157150,Audric Estime,RB,4200,NO,BAL,NO@BAL,RB/FLEX,,,IR,Thigh,,,,unresolved
134251-154020,Al-Jay Henderson,RB,4000,NYJ,GB,GB@NYJ,RB/FLEX,,,"","",,,,unresolved
134251-91750,Trey McBride,TE,7500,ARI,SEA,SEA@ARI,TE/FLEX,12.05,1.606,"","",00-0037744,TE,ACT,ok
134251-151794,Brock Bowers,TE,6700,LV,LAC,LV@LAC,TE/FLEX,11.48,1.714,D,Knee - meniscus,00-0039338,TE,ACT,ok
134251-39793,George Kittle,TE,5900,SF,MIA,MIA@SF,TE/FLEX,9.28,1.573,"","",00-0033288,TE,ACT,ok
134251-172699,Harold Fannin Jr.,TE,5500,CLE,TB,CLE@TB,TE/FLEX,9.28,1.687,"","",00-0040663,TE,ACT,ok
134251-86080,Kyle Pitts Sr.,TE,5200,ATL,CAR,CAR@ATL,TE/FLEX,8.41,1.617,"","",00-0036970,TE,ACT,ok
134251-160303,Tucker Kraft,TE,6000,GB,NYJ,GB@NYJ,TE/FLEX,8.4,1.4,"","",00-0038996,TE,ACT,ok
134251-83074,Dallas Goedert,TE,5700,PHI,TEN,PHI@TEN,TE/FLEX,7.76,1.361,"","",00-0034351,TE,ACT,ok
134251-64808,Juwan Johnson,TE,5600,NO,BAL,NO@BAL,TE/FLEX,7.45,1.331,"","",00-0036040,TE,ACT,ok
134251-25011,Darren Waller,TE,4800,CAR,ATL,CAR@ATL,TE/FLEX,6.97,1.452,"","",00-0031610,TE,ACT,ok
134251-89680,Jake Ferguson,TE,5400,DAL,WAS,WAS@DAL,TE/FLEX,6.9,1.278,"","",00-0038041,TE,ACT,ok
134251-55335,David Njoku,TE,5000,LAC,LV,LV@LAC,TE/FLEX,6.85,1.371,"","",00-0033885,TE,ACT,ok
134251-166588,Colston Loveland,TE,5800,CHI,MIN,MIN@CHI,TE/FLEX,6.78,1.169,"","",00-0040126,TE,ACT,ok
134251-86811,Cade Otton,TE,4800,TB,CLE,CLE@TB,TE/FLEX,6.74,1.404,"","",00-0038129,TE,ACT,ok
134251-71706,T.J. Hockenson,TE,5100,MIN,CHI,MIN@CHI,TE/FLEX,6.65,1.303,"","",00-0035229,TE,ACT,ok
134251-55042,Dalton Schultz,TE,5200,HOU,CIN,CIN@HOU,TE/FLEX,6.49,1.247,"","",00-0034383,TE,ACT,ok
134251-52436,Mark Andrews,TE,5200,BAL,NO,NO@BAL,TE/FLEX,6.28,1.207,"","",00-0034753,TE,ACT,ok
134251-88297,Chig Okonkwo,TE,4900,WAS,DAL,WAS@DAL,TE/FLEX,6.25,1.276,O,Hamstring,00-0037809,TE,ACT,ok
134251-103587,Brenton Strange,TE,5100,JAC,DEN,JAC@DEN,TE/FLEX,5.85,1.147,"","",00-0038935,TE,ACT,ok
134251-168054,Mason Taylor,TE,4500,NYJ,GB,GB@NYJ,TE/FLEX,5.81,1.291,"","",00-0040736,TE,ACT,ok
134251-41872,Evan Engram,TE,5000,DEN,JAC,JAC@DEN,TE/FLEX,5.75,1.149,"","",00-0033881,TE,ACT,ok
134251-158438,Oronde Gadsden II,TE,4900,LAC,LV,LV@LAC,TE/FLEX,5.57,1.137,"","",00-0040189,TE,ACT,ok
134251-56265,Mike Gesicki,TE,5300,CIN,HOU,CIN@HOU,TE/FLEX,5.41,1.021,"","",00-0034829,TE,ACT,ok
134251-138998,Michael Mayer,TE,5300,LV,LAC,LV@LAC,TE/FLEX,5.02,0.947,"","",00-0039066,TE,ACT,ok
134251-86244,Pat Freiermuth,TE,5100,PIT,NE,PIT@NE,TE/FLEX,5.02,0.985,"","",00-0036894,TE,ACT,ok
134251-40845,Hunter Henry,TE,5000,NE,PIT,PIT@NE,TE/FLEX,5.02,1.004,"","",00-0033090,TE,ACT,ok
134251-48116,Jonnu Smith,TE,4800,GB,NYJ,GB@NYJ,TE/FLEX,4.7,0.98,"","",00-0033858,TE,ACT,ok
134251-152148,Gunnar Helm,TE,4600,TEN,PHI,PHI@TEN,TE/FLEX,4.55,0.99,"","",00-0040584,TE,ACT,ok
134251-137953,AJ Barner,TE,4900,SEA,ARI,SEA@ARI,TE/FLEX,4.48,0.915,"","",00-0039793,TE,ACT,ok
134251-91931,Greg Dulcich,TE,4800,MIA,SF,MIA@SF,TE/FLEX,4.0,0.834,"","",00-0037252,TE,ACT,ok
134251-71705,Noah Fant,TE,4700,NO,BAL,NO@BAL,TE/FLEX,3.87,0.823,"","",00-0035644,TE,ACT,ok
134251-91047,Cole Kmet,TE,4700,CHI,MIN,MIN@CHI,TE/FLEX,3.76,0.801,"","",00-0036290,TE,ACT,ok
134251-158983,Ja'Tavion Sanders,TE,4400,CAR,ATL,CAR@ATL,TE/FLEX,3.49,0.794,"","",00-0039356,TE,ACT,ok
134251-91101,Tommy Tremble,TE,4600,CAR,ATL,CAR@ATL,TE/FLEX,3.25,0.707,"","",00-0037005,TE,ACT,ok
134251-133477,Darnell Washington,TE,4700,PIT,NE,PIT@NE,TE/FLEX,2.97,0.633,"","",00-0038558,TE,ACT,ok
134251-103378,Erick All Jr.,TE,4500,CIN,HOU,CIN@HOU,TE/FLEX,2.82,0.626,"","",00-0039814,TE,ACT,ok
134251-63907,Josh Oliver,TE,4300,MIN,CHI,MIN@CHI,TE/FLEX,2.75,0.639,"","",00-0035249,TE,ACT,ok
134251-94094,Brevin Jordan,TE,4000,HOU,CIN,CIN@HOU,TE/FLEX,2.55,0.638,"","",00-0036556,TE,ACT,ok
134251-60712,Foster Moreau,TE,4300,HOU,CIN,CIN@HOU,TE/FLEX,2.5,0.581,"","",00-0034981,TE,ACT,ok
134251-87469,Jelani Woods,TE,4000,NYJ,GB,GB@NYJ,TE/FLEX,2.46,0.615,"","",00-0037755,TE,ACT,ok
134251-154124,Mitchell Evans,TE,4100,CAR,ATL,CAR@ATL,TE/FLEX,2.38,0.579,"","",00-0040187,TE,ACT,ok
134251-102986,Elijah Higgins,TE,4200,ARI,SEA,SEA@ARI,TE/FLEX,2.29,0.544,"","",00-0039041,TE,ACT,ok
134251-91417,Luke Schoonmaker,TE,4300,DAL,WAS,WAS@DAL,TE/FLEX,2.18,0.508,"","",00-0038547,TE,ACT,ok
134251-86255,Josh Whyle,TE,4200,GB,NYJ,GB@NYJ,TE/FLEX,2.17,0.516,"","",00-0038589,TE,ACT,ok
134251-152258,Elijah Arroyo,TE,4300,SEA,ARI,SEA@ARI,TE/FLEX,2.09,0.486,"","",00-0040739,TE,ACT,ok
134251-85842,Brevyn Spann-Ford,TE,4400,DAL,WAS,WAS@DAL,TE/FLEX,1.98,0.45,"","",00-0039530,TE,ACT,ok
134251-90307,Daniel Bellinger,TE,4300,TEN,PHI,PHI@TEN,TE/FLEX,1.96,0.456,"","",00-0038115,TE,ACT,ok
134251-111637,Cade Stover,TE,4100,HOU,CIN,CIN@HOU,TE/FLEX,1.96,0.478,"","",00-0039359,TE,ACT,ok
134251-87815,Jeremy Ruckert,TE,4200,NYJ,GB,GB@NYJ,TE/FLEX,1.93,0.459,"","",00-0037805,TE,ACT,ok
134251-130270,Adam Trautman,TE,4500,DEN,JAC,JAC@DEN,TE/FLEX,1.85,0.412,"","",00-0036422,TE,ACT,ok
134251-72705,John Bates,TE,4300,WAS,DAL,WAS@DAL,TE/FLEX,1.78,0.414,"","",00-0036628,TE,ACT,ok
134251-137265,Ben Sinnott,TE,4200,WAS,DAL,WAS@DAL,TE/FLEX,1.75,0.417,"","",00-0039912,TE,ACT,ok
134251-56711,Drew Sample,TE,4500,CIN,HOU,CIN@HOU,TE/FLEX,1.7,0.378,"","",00-0035631,TE,ACT,ok
134251-40126,Austin Hooper,TE,4100,ATL,CAR,CAR@ATL,TE/FLEX,1.6,0.391,"","",00-0032392,TE,ACT,ok
134251-173626,Nate Adkins,TE,4300,DEN,JAC,JAC@DEN,TE/FLEX,1.47,0.342,"","",00-0038783,TE,ACT,ok
134251-85635,Charlie Kolar,TE,4100,LAC,LV,LV@LAC,TE/FLEX,1.4,0.342,"","",00-0038046,TE,ACT,ok
134251-73176,Luke Farrell,TE,4400,SF,MIA,MIA@SF,TE/FLEX,1.38,0.313,"","",00-0036887,TE,ACT,ok
134251-93075,Hunter Long,TE,4100,ARI,SEA,SEA@ARI,TE/FLEX,1.23,0.299,"","",00-0037004,TE,ACT,ok
134251-40371,Johnny Mundt,TE,4000,PHI,TEN,PHI@TEN,TE/FLEX,1.2,0.301,"","",00-0033246,TE,ACT,ok
134251-90123,Quintin Morris,TE,4100,JAC,DEN,JAC@DEN,TE/FLEX,1.0,0.243,"","",00-0036590,TE,ACT,ok
134251-87844,Brady Russell,TE,4200,SEA,ARI,SEA@ARI,TE/FLEX,0.99,0.235,"","",00-0038488,RB,ACT,ok
134251-72515,Ian Thomas,TE,4000,LV,LAC,LV@LAC,TE/FLEX,0.93,0.233,"","",00-0034365,TE,ACT,ok
134251-42046,Durham Smythe,TE,4100,BAL,NO,NO@BAL,TE/FLEX,0.84,0.205,"","",00-0034798,TE,ACT,ok
134251-151737,E.J. Jenkins,TE,4000,PHI,TEN,PHI@TEN,TE/FLEX,0.84,0.21,"","",00-0038498,TE,ACT,ok
134251-93391,Payne Durham,TE,4000,TB,CLE,CLE@TB,TE/FLEX,0.82,0.204,"","",00-0039050,TE,ACT,ok
134251-86612,Brayden Willis,TE,4000,SF,MIA,MIA@SF,TE/FLEX,0.78,0.196,"","",00-0038643,TE,ACT,ok
134251-86800,Colson Yankoff,TE,4100,WAS,DAL,WAS@DAL,TE/FLEX,0.73,0.179,"","",00-0039686,TE,ACT,ok
134251-54426,Andrew Beck,TE,4000,NYJ,GB,GB@NYJ,TE/FLEX,0.73,0.181,"","",00-0034959,RB,ACT,ok
134251-95370,Ryan Miller,TE,4000,MIA,SF,MIA@SF,TE/FLEX,0.66,0.165,"","",00-0038824,WR,ACT,ok
134251-79980,Eric Saubert,TE,4000,SEA,ARI,SEA@ARI,TE/FLEX,0.65,0.163,"","",00-0033576,TE,ACT,ok
134251-87634,Blake Whiteheart,TE,4200,CLE,TB,CLE@TB,TE/FLEX,0.64,0.153,"","",00-0038710,TE,ACT,ok
134251-92882,Connor Heyward,TE,4000,LV,LAC,LV@LAC,TE/FLEX,0.58,0.144,"","",00-0037304,RB,ACT,ok
134251-71143,Kylen Granson,TE,4000,TEN,PHI,PHI@TEN,TE/FLEX,0.54,0.136,"","",00-0036876,TE,ACT,ok
134251-71351,Charlie Woerner,TE,4100,ATL,CAR,CAR@ATL,TE/FLEX,0.46,0.113,"","",00-0036429,TE,ACT,ok
134251-103506,Nick Kallerup,TE,4000,SEA,ARI,SEA@ARI,TE/FLEX,0.41,0.101,"","",00-0040058,TE,ACT,ok
134251-69302,Feleipe Franks,TE,4000,CAR,ATL,CAR@ATL,TE/FLEX,0.4,0.101,"","",00-0036825,TE,ACT,ok
134251-92479,David Martin-Robinson,TE,4000,TEN,PHI,PHI@TEN,TE/FLEX,0.37,0.092,"","",00-0039648,TE,ACT,ok
134251-68714,Ko Kieft,TE,4000,TB,CLE,CLE@TB,TE/FLEX,0.37,0.092,"","",00-0037311,TE,ACT,ok
134251-96254,Nick Muse,TE,4000,ATL,CAR,CAR@ATL,TE/FLEX,0.33,0.083,"","",00-0037317,TE,ACT,ok
134251-90522,Cameron Latu,TE,4000,NE,PIT,PIT@NE,TE/FLEX,0.24,0.06,"","",00-0038564,TE,ACT,ok
134251-110616,Treyton Welch,TE,4000,NO,BAL,NO@BAL,TE/FLEX,0.07,0.019,"","",00-0039518,TE,ACT,ok
134251-80353,Robert Tonyan,TE,4000,PIT,NE,PIT@NE,TE/FLEX,0.0,0.0,"","",00-0033757,TE,ACT,ok
134251-184873,Kenyon Sadiq,TE,4900,NYJ,GB,GB@NYJ,TE/FLEX,,,"","",00-0041032,TE,ACT,no_history
134251-129422,Nate Boerkircher,TE,4400,JAC,DEN,JAC@DEN,TE/FLEX,,,"","",00-0041503,TE,ACT,no_history
134251-176734,Eli Raridon,TE,4300,NE,PIT,PIT@NE,TE/FLEX,,,"","",00-0041395,TE,ACT,no_history
134251-157490,Will Kacmarek,TE,4300,MIA,SF,MIA@SF,TE/FLEX,,,"","",00-0041524,TE,ACT,no_history
134251-83117,Tanner Hudson,TE,4200,CIN,HOU,CIN@HOU,TE/FLEX,,,"","",00-0034613,TE,DEV,inactive_or_practice_squad
134251-91467,Jake Tonges,TE,4200,SF,MIA,MIA@SF,TE/FLEX,,,IR,Knee - mcl,00-0037112,TE,RES,inactive_or_practice_squad
134251-154245,Seydou Traore,TE,4100,MIA,SF,MIA@SF,TE/FLEX,,,"","",00-0041579,TE,ACT,no_history
134251-177614,Marlin Klein,TE,4100,HOU,CIN,CIN@HOU,TE/FLEX,,,"","",00-0041472,TE,ACT,no_history
134251-103966,Stone Smartt,TE,4100,NO,BAL,NO@BAL,TE/FLEX,,,"","",00-0037475,TE,DEV,inactive_or_practice_squad
134251-167306,Tanner Koziol,TE,4000,JAC,DEN,JAC@DEN,TE/FLEX,,,"","",00-0041084,TE,ACT,no_history
134251-141956,Beau Gardner,TE,4000,CHI,MIN,MIN@CHI,TE/FLEX,,,"","",00-0041167,LS,ACT,position_mismatch
134251-158916,Bauer Sharp,TE,4000,TB,CLE,CLE@TB,TE/FLEX,,,"","",00-0041094,TE,ACT,no_history
134251-120035,Mark Redman,TE,4000,GB,NYJ,GB@NYJ,TE/FLEX,,,"","",00-0040598,TE,ACT,no_history
134251-151777,Eli Stowers,TE,4000,PHI,TEN,PHI@TEN,TE/FLEX,,,IR,Hamstring,00-0041483,TE,RES,inactive_or_practice_squad
134251-167124,Evan Svoboda,TE,4000,LAC,LV,LV@LAC,TE/FLEX,,,"","",00-0041384,TE,DEV,inactive_or_practice_squad
134251-104661,Patrick Herbert,TE,4000,LAC,LV,LV@LAC,TE/FLEX,,,"","",00-0040331,TE,DEV,inactive_or_practice_squad
134251-168171,Jaren Kanak,TE,4000,TEN,PHI,PHI@TEN,TE/FLEX,,,IR,Pectoral,00-0040901,TE,RES,inactive_or_practice_squad
134251-61693,Danny Pinter,TE,4000,BAL,NO,NO@BAL,TE/FLEX,,,IR,Knee,00-0036215,OL,RES,position_mismatch
134251-151726,Robbie Ouzts,TE,4000,SEA,ARI,SEA@ARI,TE/FLEX,,,IR,Neck,00-0040649,RB,RES,inactive_or_practice_squad
134251-157858,Michael Trigg,TE,4000,DAL,WAS,WAS@DAL,TE/FLEX,,,"","",00-0040939,TE,DEV,inactive_or_practice_squad
134251-143509,Caleb Lohner,TE,4000,DEN,JAC,JAC@DEN,TE/FLEX,,,IR,Lower body,00-0040240,TE,RES,inactive_or_practice_squad
134251-149832,Shane Zylstra,TE,4000,NE,PIT,PIT@NE,TE/FLEX,,,Q,Undisclosed,00-0036534,TE,CUT,inactive_or_practice_squad
134251-155629,Khalil Dinkins,TE,4000,SF,MIA,MIA@SF,TE/FLEX,,,"","",00-0041357,TE,DEV,inactive_or_practice_squad
134251-85986,James Mitchell,TE,4000,DAL,WAS,WAS@DAL,TE/FLEX,,,"","",00-0037282,TE,DEV,inactive_or_practice_squad
134251-152540,CJ Dippre,TE,4000,TB,CLE,CLE@TB,TE/FLEX,,,"","",00-0040566,TE,DEV,inactive_or_practice_squad
134251-87179,Thomas Yassmin,TE,4000,GB,NYJ,GB@NYJ,TE/FLEX,,,IR,Undisclosed,00-0039936,TE,RES,inactive_or_practice_squad
134251-138164,Patrick Gurd,TE,4000,LV,LAC,LV@LAC,TE/FLEX,,,"","",00-0041016,TE,DEV,inactive_or_practice_squad
134251-153957,Zaire Mitchell-Paden,TE,4000,HOU,CIN,CIN@HOU,TE/FLEX,,,"","",00-0037340,TE,DEV,inactive_or_practice_squad
134251-94345,Cole Turner,TE,4000,MIA,SF,MIA@SF,TE/FLEX,,,IR,Undisclosed,00-0037078,TE,RES,inactive_or_practice_squad
134251-151914,Moliki Matavao,TE,4000,NO,BAL,NO@BAL,TE/FLEX,,,IR,Knee,00-0040244,TE,RES,inactive_or_practice_squad
134251-114591,William Wagner,TE,4000,CIN,HOU,CIN@HOU,TE/FLEX,,,"","",00-0040379,LS,ACT,position_mismatch
134251-28570,Nick Vannett,TE,4000,BAL,NO,NO@BAL,TE/FLEX,,,"","",00-0032394,TE,DEV,inactive_or_practice_squad
134251-166253,Sam Roush,TE,4000,CHI,MIN,MIN@CHI,TE/FLEX,,,"","",00-0041558,TE,ACT,no_history
134251-23435,Andrew DePaola,TE,4000,MIN,CHI,MIN@CHI,TE/FLEX,,,"","",00-0029714,LS,ACT,position_mismatch
134251-157579,Rocco Underwood,TE,4000,PHI,TEN,PHI@TEN,TE/FLEX,,,"","",00-0040925,LS,ACT,position_mismatch
134251-183404,Josh Cuevas,TE,4000,BAL,NO,NO@BAL,TE/FLEX,,,"","",00-0040887,TE,ACT,no_history
134251-192358,Shawn Bowman,TE,4000,ARI,SEA,SEA@ARI,TE/FLEX,,,"","",00-0039550,TE,DEV,inactive_or_practice_squad
134251-93026,Teagan Quitoriano,TE,4000,ARI,SEA,SEA@ARI,TE/FLEX,,,"","",00-0037277,TE,DEV,inactive_or_practice_squad
134251-66402,Jack Driscoll,TE,4000,PIT,NE,PIT@NE,TE/FLEX,,,IR,Undisclosed,00-0036396,OL,RES,position_mismatch
134251-201564,Cam Grandy,TE,4000,MIN,CHI,MIN@CHI,TE/FLEX,,,"","",00-0039631,TE,DEV,inactive_or_practice_squad
134251-90480,Joel Wilson,TE,4000,TEN,PHI,PHI@TEN,TE/FLEX,,,"","",00-0039023,TE,DEV,inactive_or_practice_squad
134251-58189,Mitchell Fraboni,TE,4000,DEN,JAC,JAC@DEN,TE/FLEX,,,"","",00-0036943,LS,DEV,position_mismatch
134251-137017,Drake Dabney,TE,4000,GB,NYJ,GB@NYJ,TE/FLEX,,,"","",00-0040628,TE,DEV,inactive_or_practice_squad
134251-157051,Tanner Arkin,TE,4000,NE,PIT,PIT@NE,TE/FLEX,,,"","",00-0041314,TE,ACT,no_history
134251-152363,Gavin Bartholomew,TE,4000,MIN,CHI,MIN@CHI,TE/FLEX,,,"","",00-0040215,TE,ACT,no_history
134251-152669,Jameson Geers,TE,4000,ARI,SEA,SEA@ARI,TE/FLEX,,,IR,Undisclosed,00-0041366,TE,RES,inactive_or_practice_squad
134251-141390,Riley Nowakowski,TE,4000,PIT,NE,PIT@NE,TE/FLEX,,,"","",00-0041398,TE,ACT,no_history
134251-169733,Carsen Ryan,TE,4000,CLE,TB,CLE@TB,TE/FLEX,,,"","",00-0041131,TE,ACT,no_history
134251-165962,Nikola Kalinic,TE,4000,CHI,MIN,MIN@CHI,TE/FLEX,,,IR,Knee,00-0037031,TE,RES,inactive_or_practice_squad
134251-87442,Princeton Fant,TE,4000,DAL,WAS,WAS@DAL,TE/FLEX,,,IR,Knee - acl + mcl,00-0038735,TE,RES,inactive_or_practice_squad
134251-86762,Jack Westover,TE,4000,WAS,DAL,WAS@DAL,TE/FLEX,,,"","",00-0039305,TE,DEV,inactive_or_practice_squad
134251-156374,Tre Watson,TE,4000,MIA,SF,MIA@SF,TE/FLEX,,,"","",00-0040094,TE,DEV,inactive_or_practice_squad
134251-94888,Messiah Swinson,TE,4000,CLE,TB,CLE@TB,TE/FLEX,,,"","",00-0039275,TE,DEV,inactive_or_practice_squad
134251-86682,Grant Calcaterra,TE,4000,PHI,TEN,PHI@TEN,TE/FLEX,,,IR,Back,00-0037086,TE,RES,inactive_or_practice_squad
134251-176325,Jack Velling,TE,4000,ATL,CAR,CAR@ATL,TE/FLEX,,,"","",00-0041195,TE,DEV,inactive_or_practice_squad
134251-56947,Chris Myarick,TE,4000,LV,LAC,LV@LAC,TE/FLEX,,,"","",00-0035345,TE,DEV,inactive_or_practice_squad
134251-104008,Stephen Carlson,TE,4000,CHI,MIN,MIN@CHI,TE/FLEX,,,"","",00-0035039,TE,DEV,inactive_or_practice_squad
134251-226878,Carter Runyon,TE,4000,LV,LAC,LV@LAC,TE/FLEX,,,IR,Undisclosed,00-0040488,TE,RES,inactive_or_practice_squad
134251-167950,Oscar Delp,TE,4000,NO,BAL,NO@BAL,TE/FLEX,,,"","",00-0041041,TE,ACT,no_history
134251-185850,Julian Hill,TE,4000,NE,PIT,PIT@NE,TE/FLEX,,,IR,Knee,00-0038720,TE,RES,inactive_or_practice_squad
134251-133180,Ben Yurosek,TE,4000,MIN,CHI,MIN@CHI,TE/FLEX,,,IR,Undisclosed,00-0040509,TE,RES,inactive_or_practice_squad
134251-177644,Justin Joly,TE,4000,MIA,SF,MIA@SF,TE/FLEX,,,"","",00-0041077,TE,ACT,no_history
134251-191983,Dallen Bentley,TE,4000,DEN,JAC,JAC@DEN,TE/FLEX,,,"","",00-0041133,TE,ACT,no_history
134251-243161,Ty Pezza,TE,4000,BAL,NO,NO@BAL,TE/FLEX,,,"","",00-0040986,WR,DEV,inactive_or_practice_squad
134251-54746,Tyler Ott,TE,4000,WAS,DAL,WAS@DAL,TE/FLEX,,,"","",00-0031156,LS,ACT,position_mismatch
134251-151993,DJ Rogers,TE,4000,DAL,WAS,WAS@DAL,TE/FLEX,,,IR,Knee,00-0040938,TE,RES,inactive_or_practice_squad
134251-184756,Hayden Large,TE,4000,CHI,MIN,MIN@CHI,TE/FLEX,,,IR,Undisclosed,00-0041170,TE,RES,inactive_or_practice_squad
134251-175154,Jack Endries,TE,4000,CIN,HOU,CIN@HOU,TE/FLEX,,,"","",00-0041116,TE,ACT,no_history
134251-151968,Lake McRee,TE,4000,PIT,NE,PIT@NE,TE/FLEX,,,"","",00-0041263,TE,DEV,inactive_or_practice_squad
134251-86075,Lucas Krull,TE,4000,DEN,JAC,JAC@DEN,TE/FLEX,,,"","",00-0037539,TE,DEV,inactive_or_practice_squad
134251-114079,Hayden Rucci,TE,4000,JAC,DEN,JAC@DEN,TE/FLEX,,,"","",00-0039489,TE,DEV,inactive_or_practice_squad
134251-138039,Matt Hibner,TE,4100,BAL,NO,NO@BAL,TE/FLEX,,,"","",,,,unresolved
134251-104019,Matt Orzech,TE,4000,GB,NYJ,GB@NYJ,TE/FLEX,,,"","",,,,unresolved
134251-85701,Ja'Marr Chase,WR,8800,CIN,HOU,CIN@HOU,WR/FLEX,15.15,1.721,"","",00-0036900,WR,ACT,ok
134251-87770,Chris Olave,WR,7900,NO,BAL,NO@BAL,WR/FLEX,14.07,1.78,Q,Hamstring,00-0037239,WR,ACT,ok
134251-112295,Zay Flowers,WR,7600,BAL,NO,NO@BAL,WR/FLEX,12.66,1.665,D,Hamstring,00-0039064,WR,ACT,ok
134251-112745,Drake London,WR,7700,ATL,CAR,CAR@ATL,WR/FLEX,12.64,1.642,"","",00-0037238,WR,ACT,ok
134251-86631,CeeDee Lamb,WR,8500,DAL,WAS,WAS@DAL,WR/FLEX,12.54,1.476,"","",00-0036358,WR,ACT,ok
134251-129458,Jaxon Smith-Njigba,WR,9000,SEA,ARI,SEA@ARI,WR/FLEX,12.46,1.385,"","",00-0038543,WR,ACT,ok
134251-85671,Justin Jefferson,WR,8600,MIN,CHI,MIN@CHI,WR/FLEX,11.59,1.348,"","",00-0036322,WR,ACT,ok
134251-110246,George Pickens,WR,8000,DAL,WAS,WAS@DAL,WR/FLEX,11.51,1.439,"","",00-0037247,WR,ACT,ok
134251-103564,Garrett Wilson,WR,7200,NYJ,GB,GB@NYJ,WR/FLEX,11.14,1.547,"","",00-0037740,WR,ACT,ok
134251-89981,Tee Higgins,WR,7100,CIN,HOU,CIN@HOU,WR/FLEX,10.97,1.545,"","",00-0036410,WR,ACT,ok
134251-91419,Nico Collins,WR,7800,HOU,CIN,CIN@HOU,WR/FLEX,10.96,1.405,O,Hamstring,00-0036554,WR,ACT,ok
134251-89612,Michael Wilson,WR,6000,ARI,SEA,SEA@ARI,WR/FLEX,10.48,1.747,"","",00-0038559,WR,ACT,ok
134251-103539,Wan'Dale Robinson,WR,5300,TEN,PHI,PHI@TEN,WR/FLEX,10.4,1.961,"","",00-0038117,WR,ACT,ok
134251-32384,Mike Evans,WR,8200,SF,MIA,MIA@SF,WR/FLEX,9.98,1.217,"","",00-0031408,WR,ACT,ok
134251-167620,Tetairoa McMillan,WR,6800,CAR,ATL,CAR@ATL,WR/FLEX,9.68,1.423,"","",00-0040124,WR,ACT,ok
134251-169776,Christian Watson,WR,6900,GB,NYJ,GB@NYJ,WR/FLEX,9.14,1.325,"","",00-0038124,WR,ACT,ok
134251-152655,Emeka Egbuka,WR,6500,TB,CLE,CLE@TB,WR/FLEX,9.0,1.385,"","",00-0040129,WR,ACT,ok
134251-137516,Parker Washington,WR,6600,JAC,DEN,JAC@DEN,WR/FLEX,8.9,1.348,"","",00-0038606,WR,ACT,ok
134251-56018,Deebo Samuel Sr.,WR,6200,SF,MIA,MIA@SF,WR/FLEX,8.88,1.433,"","",00-0035719,WR,ACT,ok
134251-55635,Chris Godwin Jr.,WR,5800,TB,CLE,CLE@TB,WR/FLEX,8.88,1.531,"","",00-0033921,WR,ACT,ok
134251-133472,Ladd McConkey,WR,6400,LAC,LV,LV@LAC,WR/FLEX,8.57,1.339,Q,Ribs,00-0039915,WR,ACT,ok
134251-56250,Terry McLaurin,WR,6000,WAS,DAL,WAS@DAL,WR/FLEX,8.51,1.419,"","",00-0035659,WR,ACT,ok
134251-201547,Jalen Coker,WR,5900,CAR,ATL,CAR@ATL,WR/FLEX,8.5,1.44,"","",00-0039491,WR,ACT,ok
134251-151745,Brian Thomas Jr.,WR,5700,JAC,DEN,JAC@DEN,WR/FLEX,8.4,1.474,"","",00-0039893,WR,ACT,ok
134251-90573,Jaylen Waddle,WR,6700,DEN,JAC,JAC@DEN,WR/FLEX,8.38,1.251,"","",00-0036613,WR,ACT,ok
134251-73048,DK Metcalf,WR,7000,PIT,NE,PIT@NE,WR/FLEX,8.34,1.192,"","",00-0035640,WR,ACT,ok
134251-63634,Jakobi Meyers,WR,5500,JAC,DEN,JAC@DEN,WR/FLEX,8.08,1.47,"","",00-0034960,WR,ACT,ok
134251-90576,DeVonta Smith,WR,7400,PHI,TEN,PHI@TEN,WR/FLEX,8.01,1.083,"","",00-0036912,WR,ACT,ok
134251-57403,Courtland Sutton,WR,6100,DEN,JAC,JAC@DEN,WR/FLEX,7.97,1.306,"","",00-0034348,WR,ACT,ok
134251-152651,Marvin Harrison Jr.,WR,5700,ARI,SEA,SEA@ARI,WR/FLEX,7.75,1.36,"","",00-0039849,WR,ACT,ok
134251-129210,Jordan Addison,WR,5800,MIN,CHI,MIN@CHI,WR/FLEX,7.73,1.332,"","",00-0038994,WR,ACT,ok
134251-69213,Michael Pittman Jr.,WR,5900,PIT,NE,PIT@NE,WR/FLEX,7.6,1.289,O,Ankle,00-0036252,WR,ACT,ok
134251-120042,Jalen McMillan,WR,5000,TB,CLE,CLE@TB,WR/FLEX,7.6,1.52,Q,Knee,00-0039855,WR,ACT,ok
134251-120639,Quentin Johnston,WR,5800,LAC,LV,LV@LAC,WR/FLEX,7.54,1.3,"","",00-0038544,WR,ACT,ok
134251-184184,Travis Hunter,WR,4800,JAC,DEN,JAC@DEN,WR/FLEX,7.47,1.557,"","",00-0040718,WR,ACT,ok
134251-61593,Jauan Jennings,WR,5600,MIN,CHI,MIN@CHI,WR/FLEX,7.04,1.257,O,Personal,00-0036259,WR,ACT,ok
134251-64555,Calvin Ridley,WR,5200,TEN,PHI,PHI@TEN,WR/FLEX,7.02,1.349,"","",00-0034837,WR,ACT,ok
134251-25079,Stefon Diggs,WR,6100,WAS,DAL,WAS@DAL,WR/FLEX,6.94,1.138,"","",00-0031588,WR,ACT,ok
134251-120033,Rome Odunze,WR,6300,CHI,MIN,MIN@CHI,WR/FLEX,6.84,1.086,"","",00-0039919,WR,ACT,ok
134251-90561,Jerry Jeudy,WR,5300,CLE,TB,CLE@TB,WR/FLEX,6.72,1.267,"","",00-0036407,WR,ACT,ok
134251-166092,Luther Burden III,WR,6000,CHI,MIN,MIN@CHI,WR/FLEX,6.59,1.099,"","",00-0040735,WR,ACT,ok
134251-103619,Tre Tucker,WR,5300,LV,LAC,LV@LAC,WR/FLEX,6.53,1.232,"","",00-0038563,WR,ACT,ok
134251-172861,Elic Ayomanor,WR,4800,TEN,PHI,PHI@TEN,WR/FLEX,6.37,1.327,"","",00-0040170,WR,ACT,ok
134251-134837,Tory Horton,WR,4500,SEA,ARI,SEA@ARI,WR/FLEX,6.26,1.39,"","",00-0040648,WR,ACT,ok
134251-151903,Troy Franklin,WR,4800,DEN,JAC,JAC@DEN,WR/FLEX,6.19,1.29,"","",00-0039868,WR,ACT,ok
134251-89455,Jayden Reed,WR,5600,GB,NYJ,GB@NYJ,WR/FLEX,6.11,1.092,"","",00-0039146,WR,ACT,ok
134251-201233,Ryan Flournoy,WR,5200,DAL,WAS,WAS@DAL,WR/FLEX,6.09,1.171,"","",00-0039410,WR,ACT,ok
134251-129112,Chimere Dike,WR,4500,TEN,PHI,PHI@TEN,WR/FLEX,5.93,1.317,"","",00-0040705,WR,ACT,ok
134251-103511,Devaughn Vele,WR,5500,NO,BAL,NO@BAL,WR/FLEX,5.9,1.072,"","",00-0039424,WR,ACT,ok
134251-94370,Romeo Doubs,WR,5800,NE,PIT,PIT@NE,WR/FLEX,5.53,0.953,"","",00-0037816,WR,ACT,ok
134251-151789,Adonai Mitchell,WR,5400,NYJ,GB,GB@NYJ,WR/FLEX,5.44,1.008,"","",00-0039890,WR,ACT,ok
134251-110974,Malik Washington,WR,5600,MIA,SF,MIA@SF,WR/FLEX,5.26,0.939,"","",00-0039880,WR,ACT,ok
134251-110457,Dontayvion Wicks,WR,5600,PHI,TEN,PHI@TEN,WR/FLEX,5.25,0.937,"","",00-0038393,WR,ACT,ok
134251-166916,Matthew Golden,WR,5900,GB,NYJ,GB@NYJ,WR/FLEX,5.12,0.867,"","",00-0040667,WR,ACT,ok
134251-170287,Rashid Shaheed,WR,5500,SEA,ARI,SEA@ARI,WR/FLEX,4.8,0.874,"","",00-0037545,WR,ACT,ok
134251-114198,Xavier Legette,WR,4700,CAR,ATL,CAR@ATL,WR/FLEX,4.79,1.019,"","",00-0039342,WR,ACT,ok
134251-155551,Pat Bryant,WR,5000,DEN,JAC,JAC@DEN,WR/FLEX,4.77,0.954,"","",00-0040134,WR,ACT,ok
134251-102696,John Metchie III,WR,4500,CAR,ATL,CAR@ATL,WR/FLEX,4.32,0.959,"","",00-0037614,WR,ACT,ok
134251-60957,KaVontae Turpin,WR,4800,DAL,WAS,WAS@DAL,WR/FLEX,4.25,0.885,"","",00-0037801,WR,ACT,ok
134251-120093,Marvin Mims Jr.,WR,4700,DEN,JAC,JAC@DEN,WR/FLEX,4.22,0.897,O,Foot,00-0038976,WR,ACT,ok
134251-92859,Jalen Nailor,WR,5000,LV,LAC,LV@LAC,WR/FLEX,4.21,0.841,"","",00-0037291,WR,ACT,ok
134251-119653,Kayshon Boutte,WR,5200,HOU,CIN,CIN@HOU,WR/FLEX,4.2,0.807,"","",00-0038608,WR,ACT,ok
134251-185593,Andrei Iosivas,WR,4800,CIN,HOU,CIN@HOU,WR/FLEX,4.15,0.865,"","",00-0038619,WR,ACT,ok
134251-25267,Mack Hollins,WR,5700,NE,PIT,PIT@NE,WR/FLEX,4.13,0.724,"","",00-0033555,WR,ACT,ok
134251-85845,Rashod Bateman,WR,5000,BAL,NO,NO@BAL,WR/FLEX,4.12,0.825,"","",00-0036550,WR,ACT,ok
134251-128624,Tez Johnson,WR,4800,TB,CLE,CLE@TB,WR/FLEX,4.09,0.852,"","",00-0040237,WR,ACT,ok
134251-129546,Tre' Harris,WR,4900,LAC,LV,LV@LAC,WR/FLEX,4.0,0.816,"","",00-0040727,WR,ACT,ok
134251-88575,Elijah Moore,WR,4400,PHI,TEN,PHI@TEN,WR/FLEX,3.97,0.901,"","",00-0036980,WR,ACT,ok
134251-79970,Cooper Kupp,WR,5400,SEA,ARI,SEA@ARI,WR/FLEX,3.94,0.73,"","",00-0033908,WR,ACT,ok
134251-70422,Kalif Raymond,WR,5300,CHI,MIN,MIN@CHI,WR/FLEX,3.71,0.699,"","",00-0032464,WR,ACT,ok
134251-110259,Treylon Burks,WR,4800,WAS,DAL,WAS@DAL,WR/FLEX,3.67,0.765,"","",00-0037742,WR,ACT,ok
134251-193004,Jahdae Walker,WR,4600,CHI,MIN,MIN@CHI,WR/FLEX,3.56,0.774,"","",00-0040277,WR,ACT,ok
134251-112041,Isaiah Williams,WR,4200,NYJ,GB,GB@NYJ,WR/FLEX,3.42,0.814,"","",00-0039451,WR,ACT,ok
134251-111876,DeMario Douglas,WR,5100,NE,PIT,PIT@NE,WR/FLEX,3.4,0.667,"","",00-0038621,WR,ACT,ok
134251-119788,Xavier Hutchinson,WR,5400,HOU,CIN,CIN@HOU,WR/FLEX,3.36,0.622,"","",00-0038618,WR,ACT,ok
134251-88548,Jalen Tolbert,WR,4700,MIA,SF,MIA@SF,WR/FLEX,3.36,0.715,"","",00-0037666,WR,ACT,ok
134251-151741,Jack Bech,WR,4900,LV,LAC,LV@LAC,WR/FLEX,3.27,0.667,"","",00-0040729,WR,ACT,ok
134251-103547,Luke McCaffrey,WR,4300,WAS,DAL,WAS@DAL,WR/FLEX,3.25,0.755,"","",00-0039355,WR,ACT,ok
134251-128986,Jaylin Lane,WR,4400,WAS,DAL,WAS@DAL,WR/FLEX,3.04,0.692,"","",00-0040164,WR,ACT,ok
134251-152007,Jaylin Noel,WR,5200,HOU,CIN,CIN@HOU,WR/FLEX,2.95,0.567,"","",00-0040138,WR,ACT,ok
134251-38264,Demarcus Robinson,WR,5400,SF,MIA,MIA@SF,WR/FLEX,2.82,0.522,"","",00-0032775,WR,ACT,ok
134251-80289,Kendrick Bourne,WR,5000,ARI,SEA,SEA@ARI,WR/FLEX,2.74,0.548,"","",00-0033307,WR,ACT,ok
134251-174245,Isaiah Bond,WR,4400,CLE,TB,CLE@TB,WR/FLEX,2.74,0.624,"","",00-0040782,WR,ACT,ok
134251-156527,Devontez Walker,WR,4300,BAL,NO,NO@BAL,WR/FLEX,2.62,0.609,"","",00-0039792,WR,ACT,ok
134251-138037,Roman Wilson,WR,4700,PIT,NE,PIT@NE,WR/FLEX,2.59,0.551,"","",00-0039739,WR,ACT,ok
134251-64496,Olamide Zaccheaus,WR,5100,ATL,CAR,CAR@ATL,WR/FLEX,2.49,0.489,"","",00-0035208,WR,ACT,ok
134251-71031,Lil'Jordan Humphrey,WR,4400,DEN,JAC,JAC@DEN,WR/FLEX,2.32,0.527,"","",00-0035406,WR,ACT,ok
134251-93538,Dyami Brown,WR,4500,WAS,DAL,WAS@DAL,WR/FLEX,2.11,0.47,"","",00-0036626,WR,ACT,ok
134251-92606,Bo Melton,WR,4300,GB,NYJ,GB@NYJ,WR/FLEX,2.11,0.492,"","",00-0037091,WR,ACT,ok
134251-33047,Chris Moore,WR,4500,BAL,NO,NO@BAL,WR/FLEX,2.1,0.466,"","",00-0032398,WR,ACT,ok
134251-86229,Jahan Dotson,WR,5100,ATL,CAR,CAR@ATL,WR/FLEX,2.08,0.407,"","",00-0037741,WR,ACT,ok
134251-112192,Jonathan Mingo,WR,4300,DAL,WAS,WAS@DAL,WR/FLEX,2.07,0.482,"","",00-0039062,WR,ACT,ok
134251-226859,Darius Cooper,WR,4000,PHI,TEN,PHI@TEN,WR/FLEX,1.8,0.449,"","",00-0040024,WR,ACT,ok
134251-136538,Kyle Williams,WR,4300,NE,PIT,PIT@NE,WR/FLEX,1.74,0.405,"","",00-0040131,WR,ACT,ok
134251-89627,Brycen Tremayne,WR,4000,CAR,ATL,CAR@ATL,WR/FLEX,1.63,0.409,"","",00-0038840,WR,ACT,ok
134251-128913,Malachi Corley,WR,4000,CLE,TB,CLE@TB,WR/FLEX,1.59,0.398,"","",00-0039920,WR,ACT,ok
134251-131835,Efton Chism III,WR,4000,NE,PIT,PIT@NE,WR/FLEX,1.52,0.38,"","",00-0040563,WR,ACT,ok
134251-134014,Jordan Watkins,WR,4200,SF,MIA,MIA@SF,WR/FLEX,1.49,0.356,"","",00-0040172,WR,ACT,ok
134251-114530,Jacob Cowing,WR,4100,SF,MIA,MIA@SF,WR/FLEX,1.47,0.359,"","",00-0039365,WR,ACT,ok
134251-138649,LaJohntay Wester,WR,4200,BAL,NO,NO@BAL,WR/FLEX,1.26,0.3,"","",00-0040075,WR,ACT,ok
134251-112101,Jared Wayne,WR,4200,HOU,CIN,CIN@HOU,WR/FLEX,1.24,0.296,"","",00-0038728,WR,ACT,ok
134251-94621,Derius Davis,WR,4200,LAC,LV,LV@LAC,WR/FLEX,1.24,0.295,"","",00-0038573,WR,ACT,ok
134251-138277,Jalen Brooks,WR,4000,ARI,SEA,SEA@ARI,WR/FLEX,1.23,0.307,"","",00-0038640,WR,ACT,ok
134251-64147,Britain Covey,WR,4000,PHI,TEN,PHI@TEN,WR/FLEX,1.12,0.281,"","",00-0037132,WR,ACT,ok
134251-201535,Kameron Johnson,WR,4100,TB,CLE,CLE@TB,WR/FLEX,1.11,0.27,"","",00-0039589,WR,ACT,ok
134251-133478,Arian Smith,WR,4000,NYJ,GB,GB@NYJ,WR/FLEX,1.11,0.279,"","",00-0040582,WR,ACT,ok
134251-112062,Skyy Moore,WR,4200,GB,NYJ,GB@NYJ,WR/FLEX,0.98,0.232,"","",00-0038090,WR,ACT,ok
134251-63061,Gary Jennings,WR,4000,LAC,LV,LV@LAC,WR/FLEX,0.87,0.218,"","",00-0035589,WR,ACT,ok
134251-152537,Tai Felton,WR,4200,MIN,CHI,MIN@CHI,WR/FLEX,0.86,0.205,"","",00-0040154,WR,ACT,ok
134251-137139,Myles Price,WR,4000,MIN,CHI,MIN@CHI,WR/FLEX,0.7,0.175,"","",00-0040506,WR,ACT,ok
134251-85306,KhaDarel Hodge,WR,4000,SF,MIA,MIA@SF,WR/FLEX,0.65,0.162,"","",00-0034854,WR,ACT,ok
134251-147168,Chris Blair,WR,4100,ATL,CAR,CAR@ATL,WR/FLEX,0.53,0.129,"","",00-0036463,WR,ACT,ok
134251-138854,Ke'Shawn Williams,WR,4000,CIN,HOU,CIN@HOU,WR/FLEX,0.47,0.118,"","",00-0040534,WR,ACT,ok
134251-89613,Simi Fehoko,WR,4000,ARI,SEA,SEA@ARI,WR/FLEX,0.36,0.091,"","",00-0036646,WR,ACT,ok
134251-87515,Tylan Wallace,WR,4200,CLE,TB,CLE@TB,WR/FLEX,0.3,0.071,"","",00-0036630,WR,ACT,ok
134251-169834,Dareke Young,WR,4000,LV,LAC,LV@LAC,WR/FLEX,0.25,0.062,"","",00-0037093,WR,ACT,ok
134251-71105,Ben Skowronek,WR,4000,PIT,NE,PIT@NE,WR/FLEX,0.03,0.006,"","",00-0036862,WR,ACT,ok
134251-71032,Devin Duvernay,WR,4000,ARI,SEA,SEA@ARI,WR/FLEX,0.0,0.0,"","",00-0036331,WR,ACT,ok
134251-183756,Carnell Tate,WR,5500,TEN,PHI,PHI@TEN,WR/FLEX,,,"","",00-0041438,WR,ACT,no_history
134251-166323,Antonio Williams,WR,5400,WAS,DAL,WAS@DAL,WR/FLEX,,,"","",00-0041040,WR,ACT,no_history
134251-183380,Makai Lemon,WR,5300,PHI,TEN,PHI@TEN,WR/FLEX,,,"","",00-0040867,WR,ACT,no_history
134251-183649,KC Concepcion Jr.,WR,5300,CLE,TB,CLE@TB,WR/FLEX,,,"","",00-0041547,WR,ACT,no_history
134251-172647,Caleb Douglas,WR,5100,MIA,SF,MIA@SF,WR/FLEX,,,"","",00-0041523,WR,ACT,no_history
134251-172715,Omar Cooper Jr.,WR,5000,NYJ,GB,GB@NYJ,WR/FLEX,,,O,Ankle,00-0041511,WR,ACT,no_history
134251-206341,Ted Hurst III,WR,4900,TB,CLE,CLE@TB,WR/FLEX,,,"","",00-0041048,WR,ACT,no_history
134251-170825,Chris Bell,WR,4800,MIA,SF,MIA@SF,WR/FLEX,,,"","",00-0041525,WR,ACT,no_history
134251-167110,Denzel Boston,WR,4700,CLE,TB,CLE@TB,WR/FLEX,,,"","",00-0041037,WR,ACT,no_history
134251-183251,Zachariah Branch,WR,4600,ATL,CAR,CAR@ATL,WR/FLEX,,,"","",00-0041044,WR,ACT,no_history
134251-208430,Bryce Lance,WR,4500,NO,BAL,NO@BAL,WR/FLEX,,,"","",00-0041067,WR,ACT,no_history
134251-190930,Ja'Kobi Lane,WR,4500,BAL,NO,NO@BAL,WR/FLEX,,,IR,Wrist,00-0040870,WR,RES,inactive_or_practice_squad
134251-158529,Josh Cameron,WR,4500,JAC,DEN,JAC@DEN,WR/FLEX,,,"","",00-0041100,WR,ACT,no_history
134251-183410,Malik Benson,WR,4400,LV,LAC,LV@LAC,WR/FLEX,,,"","",00-0040894,WR,ACT,no_history
134251-167636,Germie Bernard,WR,4400,PIT,NE,PIT@NE,WR/FLEX,,,"","",00-0041489,WR,ACT,no_history
134251-184917,Elijah Sarratt,WR,4400,BAL,NO,NO@BAL,WR/FLEX,,,"","",00-0040876,WR,ACT,no_history
134251-173241,Barion Brown,WR,4300,NO,BAL,NO@BAL,WR/FLEX,,,"","",00-0041099,WR,ACT,no_history
134251-87432,Cedric Tillman,WR,4300,NO,BAL,NO@BAL,WR/FLEX,,,"","",00-0038979,WR,DEV,inactive_or_practice_squad
134251-183828,Kevin Coleman Jr.,WR,4200,MIA,SF,MIA@SF,WR/FLEX,,,"","",00-0041529,WR,ACT,no_history
134251-92890,Cody White,WR,4200,LV,LAC,LV@LAC,WR/FLEX,,,"","",00-0035891,WR,DEV,inactive_or_practice_squad
134251-86113,Ihmir Smith-Marsette,WR,4200,ARI,SEA,SEA@ARI,WR/FLEX,,,"","",00-0036635,WR,CUT,inactive_or_practice_squad
134251-157438,Jimmy Horn Jr.,WR,4200,CLE,TB,CLE@TB,WR/FLEX,,,"","",00-0040218,WR,DEV,inactive_or_practice_squad
134251-173994,Zavion Thomas,WR,4200,CHI,MIN,MIN@CHI,WR/FLEX,,,"","",00-0041051,WR,ACT,no_history
134251-241064,Dohnte Meyers,WR,4200,CIN,HOU,CIN@HOU,WR/FLEX,,,"","",00-0040785,WR,ACT,no_history
134251-64581,Van Jefferson,WR,4100,WAS,DAL,WAS@DAL,WR/FLEX,,,"","",00-0036415,WR,DEV,inactive_or_practice_squad
134251-88685,Austin Trammell,WR,4100,JAC,DEN,JAC@DEN,WR/FLEX,,,"","",00-0036841,WR,DEV,inactive_or_practice_squad
134251-128805,KeAndre Lambert-Smith,WR,4100,LAC,LV,LV@LAC,WR/FLEX,,,IR,Hamstring,00-0040184,WR,RES,inactive_or_practice_squad
134251-133900,Anthony Smith,WR,4100,DAL,WAS,WAS@DAL,WR/FLEX,,,"","",00-0040900,WR,DEV,inactive_or_practice_squad
134251-171332,Reggie Virgil,WR,4100,ARI,SEA,SEA@ARI,WR/FLEX,,,"","",00-0041070,WR,ACT,no_history
134251-157973,J. Michael Sturdivant,WR,4100,GB,NYJ,GB@NYJ,WR/FLEX,,,"","",00-0040948,WR,ACT,no_history
134251-109007,Josh Kelly,WR,4000,HOU,CIN,CIN@HOU,WR/FLEX,,,"","",00-0040049,WR,DEV,inactive_or_practice_squad
134251-154661,Michael Bandy,WR,4000,DEN,JAC,JAC@DEN,WR/FLEX,,,"","",00-0036959,WR,DEV,inactive_or_practice_squad
134251-70661,Velus Jones Jr.,WR,4000,SEA,ARI,SEA@ARI,WR/FLEX,,,"","",00-0037745,RB,DEV,inactive_or_practice_squad
134251-231015,Cameron Dorner,WR,4000,NE,PIT,PIT@NE,WR/FLEX,,,"","",00-0041319,WR,DEV,inactive_or_practice_squad
134251-129641,Will Sheppard,WR,4000,MIA,SF,MIA@SF,WR/FLEX,,,"","",00-0040753,WR,DEV,inactive_or_practice_squad
134251-171212,Wesley Grimes,WR,4000,SF,MIA,MIA@SF,WR/FLEX,,,"","",00-0041359,WR,DEV,inactive_or_practice_squad
134251-172675,Jordyn Tyson,WR,4000,NO,BAL,NO@BAL,WR/FLEX,,,IR,Hamstring,00-0041029,WR,RES,inactive_or_practice_squad
134251-167561,Antwane Wells Jr.,WR,4000,ATL,CAR,CAR@ATL,WR/FLEX,,,"","",00-0040438,WR,DEV,inactive_or_practice_squad
134251-71241,Brandon Johnson,WR,4000,PIT,NE,PIT@NE,WR/FLEX,,,"","",00-0037382,WR,DEV,inactive_or_practice_squad
134251-103083,Theo Wease Jr.,WR,4000,LAC,LV,LV@LAC,WR/FLEX,,,"","",00-0040311,WR,DEV,inactive_or_practice_squad
134251-152232,Jordan Moore,WR,4000,CIN,HOU,CIN@HOU,WR/FLEX,,,"","",00-0040375,WR,DEV,inactive_or_practice_squad
134251-87731,Dominique Robinson,WR,4000,HOU,CIN,CIN@HOU,WR/FLEX,,,"","",00-0037082,DL,ACT,position_mismatch
134251-170208,Kaden Davis,WR,4000,CHI,MIN,MIN@CHI,WR/FLEX,,,"","",00-0037380,WR,DEV,inactive_or_practice_squad
134251-110274,Bub Means,WR,4000,CLE,TB,CLE@TB,WR/FLEX,,,"","",00-0039386,WR,DEV,inactive_or_practice_squad
134251-151744,Chris Hilton Jr.,WR,4000,GB,NYJ,GB@NYJ,WR/FLEX,,,"","",00-0041179,WR,CUT,inactive_or_practice_squad
134251-128717,Corey Rucker,WR,4000,LV,LAC,LV@LAC,WR/FLEX,,,IR,Undisclosed,00-0041005,WR,RES,inactive_or_practice_squad
134251-152272,De'Zhaun Stribling,WR,4000,SF,MIA,MIA@SF,WR/FLEX,,,O,Ankle,00-0041035,WR,ACT,no_history
134251-226875,Ja'seem Reed,WR,4000,CAR,ATL,CAR@ATL,WR/FLEX,,,"","",00-0040265,WR,DEV,inactive_or_practice_squad
134251-114224,Kyrese Rowan,WR,4000,NO,BAL,NO@BAL,WR/FLEX,,,"","",00-0040633,WR,DEV,inactive_or_practice_squad
134251-86747,Dylan Drummond,WR,4000,ATL,CAR,CAR@ATL,WR/FLEX,,,"","",00-0038953,WR,DEV,inactive_or_practice_squad
134251-173606,Dillon Bell,WR,4000,MIN,CHI,MIN@CHI,WR/FLEX,,,"","",00-0041342,WR,DEV,inactive_or_practice_squad
134251-86203,Justin Shorter,WR,4000,LV,LAC,LV@LAC,WR/FLEX,,,IR,Undisclosed,00-0038590,WR,RES,inactive_or_practice_squad
134251-166434,Dane Key,WR,4000,DEN,JAC,JAC@DEN,WR/FLEX,,,"","",00-0041293,WR,DEV,inactive_or_practice_squad
134251-169185,Jamaal Pritchett,WR,4000,NYJ,GB,GB@NYJ,WR/FLEX,,,"","",00-0040405,WR,DEV,inactive_or_practice_squad
134251-129560,Xavier Restrepo,WR,4000,TEN,PHI,PHI@TEN,WR/FLEX,,,"","",00-0040522,WR,DEV,inactive_or_practice_squad
134251-57091,Tim Patrick,WR,4000,NYJ,GB,GB@NYJ,WR/FLEX,,,IR,Groin,00-0033375,WR,RES,inactive_or_practice_squad
134251-152333,Malik McClain,WR,4000,NYJ,GB,GB@NYJ,WR/FLEX,,,"","",00-0041267,WR,DEV,inactive_or_practice_squad
134251-170769,Camden Brown,WR,4000,DAL,WAS,WAS@DAL,WR/FLEX,,,"","",00-0040930,WR,ACT,no_history
134251-152593,Harrison Wallace III,WR,4000,ARI,SEA,SEA@ARI,WR/FLEX,,,"","",00-0041368,WR,DEV,inactive_or_practice_squad
134251-175126,Chris Brazzell II,WR,4000,CAR,ATL,CAR@ATL,WR/FLEX,,,IR,Knee,00-0041047,WR,RES,inactive_or_practice_squad
134251-102902,Trey Palmer,WR,4000,NO,BAL,NO@BAL,WR/FLEX,,,"","",00-0039052,WR,DEV,inactive_or_practice_squad
134251-110617,Isaiah Neyor,WR,4000,GB,NYJ,GB@NYJ,WR/FLEX,,,"","",00-0040558,WR,DEV,inactive_or_practice_squad
134251-152756,Will Pauling,WR,4000,SF,MIA,MIA@SF,WR/FLEX,,,"","",00-0041361,WR,DEV,inactive_or_practice_squad
134251-188900,Michael Wortham,WR,4000,JAC,DEN,JAC@DEN,WR/FLEX,,,"","",00-0041220,WR,DEV,inactive_or_practice_squad
134251-169440,Kaden Wetjen,WR,4000,PIT,NE,PIT@NE,WR/FLEX,,,"","",00-0041397,WR,ACT,no_history
134251-157154,Jaden Bradley,WR,4000,WAS,DAL,WAS@DAL,WR/FLEX,,,"","",00-0041176,WR,DEV,inactive_or_practice_squad
134251-120642,Savion Williams,WR,4000,GB,NYJ,GB@NYJ,WR/FLEX,,,IR,Ankle,00-0040009,WR,RES,inactive_or_practice_squad
134251-112455,Xavier Gipson,WR,4000,PHI,TEN,PHI@TEN,WR/FLEX,,,"","",00-0038496,WR,DEV,inactive_or_practice_squad
134251-243160,Michael Briscoe,WR,4000,MIN,CHI,MIN@CHI,WR/FLEX,,,"","",00-0040970,WR,DEV,inactive_or_practice_squad
134251-178011,Xavier Guillory,WR,4000,BAL,NO,NO@BAL,WR/FLEX,,,"","",00-0040099,WR,DEV,inactive_or_practice_squad
134251-201561,Cole Burgess,WR,4000,PIT,NE,PIT@NE,WR/FLEX,,,IR,Undisclosed,00-0039626,WR,RES,inactive_or_practice_squad
134251-92166,Marcus Jones,WR,4000,NE,PIT,PIT@NE,WR/FLEX,,,"","",00-0037253,DB,ACT,position_mismatch
134251-137058,Trebor Pena,WR,4000,JAC,DEN,JAC@DEN,WR/FLEX,,,"","",00-0041216,WR,DEV,inactive_or_practice_squad
134251-243158,Tyren Montgomery,WR,4000,TEN,PHI,PHI@TEN,WR/FLEX,,,"","",00-0040919,WR,DEV,inactive_or_practice_squad
134251-109008,Jalen Moreno-Cropper,WR,4000,NO,BAL,NO@BAL,WR/FLEX,,,"","",00-0038740,WR,DEV,inactive_or_practice_squad
134251-174329,Brenen Thompson,WR,4000,LAC,LV,LV@LAC,WR/FLEX,,,"","",00-0041550,WR,ACT,no_history
134251-173518,Qadir Ismail,WR,4000,CHI,MIN,MIN@CHI,WR/FLEX,,,"","",00-0039843,TE,DEV,inactive_or_practice_squad
134251-120684,Garrett Greene,WR,4000,TB,CLE,CLE@TB,WR/FLEX,,,"","",00-0040419,WR,DEV,inactive_or_practice_squad
134251-147315,Jayden Higgins,WR,4000,HOU,CIN,CIN@HOU,WR/FLEX,,,IR,Knee - acl,00-0040130,WR,RES,inactive_or_practice_squad
134251-152014,JP Richardson,WR,4000,CHI,MIN,MIN@CHI,WR/FLEX,,,"","",00-0040275,WR,DEV,inactive_or_practice_squad
134251-243752,Daniel Sobkowicz,WR,4000,HOU,CIN,CIN@HOU,WR/FLEX,,,"","",00-0041309,WR,DEV,inactive_or_practice_squad
134251-60858,Christian Kirk,WR,4000,SF,MIA,MIA@SF,WR/FLEX,,,IR,Calf,00-0034775,WR,RES,inactive_or_practice_squad
134251-64403,Irvin Charles,WR,4000,SEA,ARI,SEA@ARI,WR/FLEX,,,IR,Undisclosed,00-0037156,WR,RES,inactive_or_practice_squad
134251-243761,Kolbe Katsis,WR,4000,DEN,JAC,JAC@DEN,WR/FLEX,,,"","",00-0041292,WR,DEV,inactive_or_practice_squad
134251-243760,Kyle Dixon,WR,4000,NE,PIT,PIT@NE,WR/FLEX,,,"","",00-0041318,WR,DEV,inactive_or_practice_squad
134251-176025,Noah Thomas,WR,4000,CIN,HOU,CIN@HOU,WR/FLEX,,,"","",00-0041248,WR,DEV,inactive_or_practice_squad
134251-175539,Vinny Anthony II,WR,4000,ATL,CAR,CAR@ATL,WR/FLEX,,,"","",00-0041185,WR,DEV,inactive_or_practice_squad
134251-174263,Emmanuel Henderson Jr.,WR,4000,SEA,ARI,SEA@ARI,WR/FLEX,,,"","",00-0040895,WR,DEV,inactive_or_practice_squad
134251-112037,Casey Washington,WR,4000,CAR,ATL,CAR@ATL,WR/FLEX,,,"","",00-0039394,WR,DEV,inactive_or_practice_squad
134251-94625,Jalen Reagor,WR,4000,MIA,SF,MIA@SF,WR/FLEX,,,"","",00-0036387,WR,DEV,inactive_or_practice_squad
134251-184229,Kole Wilson,WR,4000,CLE,TB,CLE@TB,WR/FLEX,,,"","",00-0041287,WR,CUT,inactive_or_practice_squad
134251-119722,Johnny Wilson,WR,4000,PHI,TEN,PHI@TEN,WR/FLEX,,,IR,Knee,00-0039236,WR,RES,inactive_or_practice_squad
134251-91055,Kevin Austin Jr.,WR,4000,NO,BAL,NO@BAL,WR/FLEX,,,"","",00-0037231,WR,DEV,inactive_or_practice_squad
134251-166977,Jordan Hudson,WR,4000,DAL,WAS,WAS@DAL,WR/FLEX,,,"","",00-0040934,WR,DEV,inactive_or_practice_squad
134251-152219,Lewis Bond,WR,4000,HOU,CIN,CIN@HOU,WR/FLEX,,,"","",00-0041467,WR,DEV,inactive_or_practice_squad
134251-136155,Trayvon Rudolph,WR,4000,MIN,CHI,MIN@CHI,WR/FLEX,,,"","",00-0041475,WR,DEV,inactive_or_practice_squad
134251-93150,Jake Bobo,WR,4000,SEA,ARI,SEA@ARI,WR/FLEX,,,IR,Knee,00-0038752,WR,RES,inactive_or_practice_squad
134251-102796,Ricky Pearsall,WR,4000,SF,MIA,MIA@SF,WR/FLEX,,,IR,Knee - pcl,00-0039916,WR,RES,inactive_or_practice_squad
134251-154730,Dean Patterson IV,WR,4000,TB,CLE,CLE@TB,WR/FLEX,,,"","",00-0041435,WR,DEV,inactive_or_practice_squad
134251-178158,Colbie Young,WR,4000,CIN,HOU,CIN@HOU,WR/FLEX,,,"","",00-0041069,WR,ACT,no_history
134251-138220,Montorie Foster Jr.,WR,4000,SEA,ARI,SEA@ARI,WR/FLEX,,,"","",00-0040621,WR,ACT,no_history
134251-138221,Ricky White III,WR,4000,SEA,ARI,SEA@ARI,WR/FLEX,,,"","",00-0040653,WR,DEV,inactive_or_practice_squad
134251-90501,Julian Hicks,WR,4000,SEA,ARI,SEA@ARI,WR/FLEX,,,"","",00-0039329,WR,DEV,inactive_or_practice_squad
134251-86125,Brandon Smith,WR,4000,PIT,NE,PIT@NE,WR/FLEX,,,"","",00-0036775,WR,DEV,inactive_or_practice_squad
134251-79987,David Moore,WR,4000,CAR,ATL,CAR@ATL,WR/FLEX,,,"","",00-0033589,WR,DEV,inactive_or_practice_squad
134251-61555,David Sills V,WR,4000,TB,CLE,CLE@TB,WR/FLEX,,,IR,Undisclosed,00-0035359,WR,RES,inactive_or_practice_squad
134251-63855,K.J. Osborn,WR,4000,TEN,PHI,PHI@TEN,WR/FLEX,,,"","",00-0036345,WR,DEV,inactive_or_practice_squad
134251-72846,A.J. Brown,WR,4000,NE,PIT,PIT@NE,WR/FLEX,,,IR,Ankle,00-0035676,WR,RES,inactive_or_practice_squad
134251-151909,Dont'e Thornton Jr.,WR,4000,LV,LAC,LV@LAC,WR/FLEX,,,IR,Undisclosed,00-0040581,WR,RES,inactive_or_practice_squad
134251-185699,Eric Rivers Jr.,WR,4000,TB,CLE,CLE@TB,WR/FLEX,,,"","",00-0041257,WR,DEV,inactive_or_practice_squad
134251-89437,Tim Jones,WR,4000,JAC,DEN,JAC@DEN,WR/FLEX,,,"","",00-0036497,WR,DEV,inactive_or_practice_squad
134251-152717,Beaux Collins,WR,4000,ATL,CAR,CAR@ATL,WR/FLEX,,,IR,Undisclosed,00-0040432,WR,RES,inactive_or_practice_squad
134251-174355,Jeremiah Webb,WR,4000,NE,PIT,PIT@NE,WR/FLEX,,,IR,Arm,00-0040570,WR,RES,inactive_or_practice_squad
134251-94481,Deven Thompkins,WR,4000,LV,LAC,LV@LAC,WR/FLEX,,,"","",00-0037487,WR,DEV,inactive_or_practice_squad
134251-129291,Tank Dell,WR,4000,HOU,CIN,CIN@HOU,WR/FLEX,,,IR,Knee - acl + mcl,00-0038977,WR,RES,inactive_or_practice_squad
134251-91401,Ronnie Bell,WR,4000,LV,LAC,LV@LAC,WR/FLEX,,,"","",00-0038647,WR,DEV,inactive_or_practice_squad
134251-86687,Hollywood Brown,WR,4700,PHI,TEN,PHI@TEN,WR/FLEX,,,"","",,,,unresolved
134251-128912,Mitch Tinsley,WR,4400,HOU,CIN,CIN@HOU,WR/FLEX,,,"","",,,,unresolved
134251-41997,River Cracraft,WR,4000,WAS,DAL,WAS@DAL,WR/FLEX,,,Q,Undisclosed,,,,unresolved
134251-61273,Scotty Miller,WR,4000,CHI,MIN,MIN@CHI,WR/FLEX,,,"","",,,,unresolved
134251-168005,CJ Williams,WR,4000,JAC,DEN,JAC@DEN,WR/FLEX,,,"","",,,,unresolved